"장애인등록현황별(1)","장애인등록현황별(2)",시군별(1),시군별(2),2023,2022,2021,2020,2019,2018,2017,2016,2015,2014,2013
"장애유형","지체장애",남부,수원시,19199,19476,19606,19866,20258,20724,20988,21132,21100,21224,21168
"장애유형","지체장애",남부,성남시,14384,14787,15119,15471,15797,16232,16620,17031,17473,17829,18283
"장애유형","지체장애",남부,안양시,9296,9499,9576,9817,10227,10537,10771,11073,11311,11500,11763
"장애유형","지체장애",남부,부천시,16201,16681,17014,17316,17695,18000,18336,18547,18592,18911,19244
"장애유형","지체장애",남부,광명시,5521,5747,5880,6086,6540,6830,6989,7119,7296,7463,7641
"장애유형","지체장애",남부,평택시,12563,12720,12778,12602,12467,12468,12492,12453,12404,12470,12525
"장애유형","지체장애",남부,안산시,16237,16594,16880,16999,17188,17432,17775,17960,18226,18529,18858
"장애유형","지체장애",남부,과천시,869,872,868,816,810,814,832,943,1003,1029,1041
"장애유형","지체장애",남부,오산시,4018,3997,4067,4053,4038,4041,3988,3929,3955,3973,3983
"장애유형","지체장애",남부,시흥시,10751,10850,10906,10767,10380,10156,9775,9611,9569,9603,9666
"장애유형","지체장애",남부,군포시,4948,5119,5175,5327,5345,5396,5506,5544,5604,5684,5729
"장애유형","지체장애",남부,의왕시,2814,2921,3029,3053,3144,3067,3143,3158,3199,3234,3297
"장애유형","지체장애",남부,하남시,5244,5370,5432,5213,5058,4898,4623,4427,3929,3706,3672
"장애유형","지체장애",남부,용인시,15364,15570,15718,15851,15899,15774,15627,15616,15599,15615,15679
"장애유형","지체장애",남부,이천시,4950,5032,5032,4991,4974,5039,5065,5103,5138,5177,5231
"장애유형","지체장애",남부,안성시,5159,5217,5258,5280,5230,5223,5260,5277,5303,5373,5386
"장애유형","지체장애",남부,김포시,8484,8604,8594,8573,8312,8223,7980,7687,7562,7444,7244
"장애유형","지체장애",남부,화성시,14828,14754,14465,14302,14050,13520,12842,12355,11916,11340,11326
"장애유형","지체장애",남부,광주시,7839,7895,7881,7847,7735,7659,7414,7227,7085,7016,6874
"장애유형","지체장애",남부,여주시,3373,3428,3399,3400,3421,3392,3397,3406,3407,3402,3466
"장애유형","지체장애",남부,양평군,3597,3611,3582,3597,3627,3599,3603,3575,3524,3437,3442
"장애유형","지체장애",북부,의정부시,9870,10027,10130,10161,10058,10081,10129,10158,10064,10092,10163
"장애유형","지체장애",북부,동두천시,2743,2833,2859,2851,2840,2863,2903,2913,2875,2851,2821
"장애유형","지체장애",북부,고양시,17525,17895,18017,18210,18132,18064,18144,18252,18212,18035,17909
"장애유형","지체장애",북부,구리시,4026,4092,4183,4340,4403,4481,4496,4440,4296,4404,4496
"장애유형","지체장애",북부,남양주시,15417,15732,15828,15574,15552,15447,15403,15331,15344,15135,14881
"장애유형","지체장애",북부,파주시,9909,9979,9934,9787,9722,9760,9714,9641,9625,9521,9498
"장애유형","지체장애",북부,양주시,6141,5950,5862,5815,5730,5733,5652,5459,5518,5446,5392
"장애유형","지체장애",북부,포천시,5045,5153,5182,5164,5183,5268,5297,5343,5388,5375,5409
"장애유형","지체장애",북부,연천군,1715,1748,1782,1766,1790,1780,1812,1838,1857,1853,1868
"장애유형","지체장애",북부,가평군,2070,2121,2143,2148,2192,2230,2256,2268,2294,2259,2274
"장애유형","뇌병변장애",남부,수원시,4090,4168,4218,4287,4406,4380,4407,4363,4342,4298,4237
"장애유형","뇌병변장애",남부,성남시,3439,3572,3666,3752,3777,3903,3908,3869,3932,3981,4073
"장애유형","뇌병변장애",남부,안양시,1991,2077,2087,2130,2162,2182,2237,2243,2239,2255,2305
"장애유형","뇌병변장애",남부,부천시,3290,3435,3482,3480,3507,3486,3456,3383,3397,3418,3463
"장애유형","뇌병변장애",남부,광명시,1123,1181,1210,1245,1332,1379,1368,1402,1391,1385,1404
"장애유형","뇌병변장애",남부,평택시,2092,2170,2155,2079,2046,2011,1933,1901,1923,1959,1958
"장애유형","뇌병변장애",남부,안산시,2638,2684,2705,2684,2679,2764,2756,2808,2866,2866,2834
"장애유형","뇌병변장애",남부,과천시,231,242,233,204,204,215,214,246,251,255,253
"장애유형","뇌병변장애",남부,오산시,752,769,763,769,778,741,718,682,684,676,675
"장애유형","뇌병변장애",남부,시흥시,1877,1921,1870,1818,1715,1656,1516,1445,1434,1414,1444
"장애유형","뇌병변장애",남부,군포시,1039,1090,1098,1121,1111,1121,1119,1119,1126,1148,1147
"장애유형","뇌병변장애",남부,의왕시,598,638,630,628,639,608,592,597,590,581,609
"장애유형","뇌병변장애",남부,하남시,1163,1204,1177,1136,1105,1064,1014,929,787,756,756
"장애유형","뇌병변장애",남부,용인시,3642,3840,3897,3942,3948,3919,3792,3688,3580,3532,3468
"장애유형","뇌병변장애",남부,이천시,876,890,913,917,929,922,923,943,962,973,975
"장애유형","뇌병변장애",남부,안성시,884,920,901,900,882,907,883,865,905,883,917
"장애유형","뇌병변장애",남부,김포시,1719,1757,1702,1641,1604,1563,1518,1392,1362,1344,1243
"장애유형","뇌병변장애",남부,화성시,2720,2762,2676,2617,2515,2472,2323,2196,2052,1963,1969
"장애유형","뇌병변장애",남부,광주시,1685,1724,1685,1712,1686,1659,1621,1533,1525,1465,1425
"장애유형","뇌병변장애",남부,여주시,702,754,747,725,714,738,720,705,722,731,743
"장애유형","뇌병변장애",남부,양평군,735,758,762,777,777,763,766,783,804,784,812
"장애유형","뇌병변장애",북부,의정부시,2293,2344,2406,2407,2331,2289,2252,2187,2164,2100,2091
"장애유형","뇌병변장애",북부,동두천시,607,668,679,708,726,736,733,721,709,696,694
"장애유형","뇌병변장애",북부,고양시,4217,4436,4397,4383,4301,4239,4225,4134,4088,4024,4023
"장애유형","뇌병변장애",북부,구리시,753,744,784,777,793,796,798,765,742,755,773
"장애유형","뇌병변장애",북부,남양주시,3141,3227,3209,3155,3105,3023,2971,2891,2892,2812,2779
"장애유형","뇌병변장애",북부,파주시,2187,2230,2179,2184,2125,2153,2072,2039,2014,1975,2011
"장애유형","뇌병변장애",북부,양주시,1295,1250,1226,1199,1171,1148,1090,1032,1045,1030,1045
"장애유형","뇌병변장애",북부,포천시,843,882,886,895,925,926,930,929,895,926,937
"장애유형","뇌병변장애",북부,연천군,277,283,296,295,291,294,304,309,308,323,319
"장애유형","뇌병변장애",북부,가평군,405,436,467,493,537,549,569,594,602,617,638
"장애유형","시각장애",남부,수원시,4499,4514,4482,4463,4442,4397,4404,4401,4381,4348,4293
"장애유형","시각장애",남부,성남시,3446,3507,3553,3588,3633,3670,3658,3683,3723,3785,3789
"장애유형","시각장애",남부,안양시,2031,2051,2044,2103,2133,2154,2118,2127,2130,2128,2177
"장애유형","시각장애",남부,부천시,3513,3566,3628,3647,3642,3638,3636,3614,3538,3548,3577
"장애유형","시각장애",남부,광명시,1170,1222,1234,1257,1356,1373,1384,1375,1368,1416,1437
"장애유형","시각장애",남부,평택시,2337,2314,2287,2249,2227,2202,2171,2140,2128,2113,2117
"장애유형","시각장애",남부,안산시,2827,2875,2887,2897,2868,2897,2904,2937,2973,3009,3032
"장애유형","시각장애",남부,과천시,215,210,209,190,170,180,177,208,220,226,226
"장애유형","시각장애",남부,오산시,836,854,868,849,856,817,793,768,756,744,728
"장애유형","시각장애",남부,시흥시,1940,1920,1880,1817,1739,1628,1572,1519,1504,1509,1514
"장애유형","시각장애",남부,군포시,1114,1108,1100,1102,1095,1083,1101,1102,1134,1142,1120
"장애유형","시각장애",남부,의왕시,581,587,606,595,608,591,587,570,567,572,573
"장애유형","시각장애",남부,하남시,1103,1120,1123,1039,988,956,891,841,719,661,644
"장애유형","시각장애",남부,용인시,3443,3474,3428,3450,3415,3345,3181,3146,3056,3043,3039
"장애유형","시각장애",남부,이천시,954,977,986,962,952,921,923,925,911,930,904
"장애유형","시각장애",남부,안성시,1022,1047,1041,1040,1043,1027,1016,1028,1017,1024,1000
"장애유형","시각장애",남부,김포시,1814,1842,1822,1769,1667,1641,1516,1451,1422,1372,1301
"장애유형","시각장애",남부,화성시,2847,2818,2770,2717,2625,2487,2319,2232,2104,1963,1949
"장애유형","시각장애",남부,광주시,1640,1625,1609,1590,1551,1531,1493,1446,1372,1320,1321
"장애유형","시각장애",남부,여주시,741,753,744,751,754,760,778,754,763,774,766
"장애유형","시각장애",남부,양평군,721,708,702,700,682,698,708,686,688,676,660
"장애유형","시각장애",북부,의정부시,2221,2239,2203,2200,2156,2145,2068,2058,2025,1951,1900
"장애유형","시각장애",북부,동두천시,559,569,567,560,539,528,536,538,545,523,521
"장애유형","시각장애",북부,고양시,4050,4172,4144,4145,4112,3974,3909,3860,3849,3749,3714
"장애유형","시각장애",북부,구리시,793,808,806,814,819,840,808,823,776,774,788
"장애유형","시각장애",북부,남양주시,3177,3182,3151,3085,3029,2945,2911,2855,2853,2738,2672
"장애유형","시각장애",북부,파주시,2084,2082,2032,1935,1939,1894,1830,1780,1741,1757,1723
"장애유형","시각장애",북부,양주시,1237,1152,1129,1104,1098,1077,1058,1010,991,973,982
"장애유형","시각장애",북부,포천시,893,915,912,894,882,889,894,896,905,907,896
"장애유형","시각장애",북부,연천군,316,308,314,298,294,286,278,286,295,300,304
"장애유형","시각장애",북부,가평군,395,397,399,402,414,414,416,423,414,422,420
"장애유형","청각장애",남부,수원시,6680,6366,6014,5584,5201,4588,,,,,
"장애유형","청각장애",남부,성남시,6338,6124,5802,5481,5110,4463,,,,,
"장애유형","청각장애",남부,안양시,3510,3292,3059,2875,2672,2341,,,,,
"장애유형","청각장애",남부,부천시,6353,6109,5754,5352,5021,4626,,,,,
"장애유형","청각장애",남부,광명시,1827,1826,1785,1749,1758,1618,,,,,
"장애유형","청각장애",남부,평택시,3656,3633,3530,3356,3063,2716,,,,,
"장애유형","청각장애",남부,안산시,4710,4617,4364,4182,3908,3426,,,,,
"장애유형","청각장애",남부,과천시,450,430,387,325,298,285,,,,,
"장애유형","청각장애",남부,오산시,1188,1126,1105,1071,1017,906,,,,,
"장애유형","청각장애",남부,시흥시,3353,3200,3001,2778,2567,2214,,,,,
"장애유형","청각장애",남부,군포시,2161,2048,1933,1836,1694,1467,,,,,
"장애유형","청각장애",남부,의왕시,1122,1058,1023,984,866,690,,,,,
"장애유형","청각장애",남부,하남시,1937,1859,1752,1579,1447,1238,,,,,
"장애유형","청각장애",남부,용인시,6304,6079,5775,5413,4832,4166,,,,,
"장애유형","청각장애",남부,이천시,1440,1444,1433,1380,1262,1186,,,,,
"장애유형","청각장애",남부,안성시,1694,1698,1678,1688,1631,1513,,,,,
"장애유형","청각장애",남부,김포시,2683,2635,2574,2472,2279,2011,,,,,
"장애유형","청각장애",남부,화성시,4577,4426,4203,3863,3447,2697,,,,,
"장애유형","청각장애",남부,광주시,2535,2435,2301,2093,1927,1719,,,,,
"장애유형","청각장애",남부,여주시,949,938,899,867,846,829,,,,,
"장애유형","청각장애",남부,양평군,1220,1181,1148,1051,968,867,,,,,
"장애유형","청각장애",북부,의정부시,3378,3330,3129,2974,2713,2447,,,,,
"장애유형","청각장애",북부,동두천시,931,933,885,852,816,761,,,,,
"장애유형","청각장애",북부,고양시,6552,6503,6311,6059,5645,5038,,,,,
"장애유형","청각장애",북부,구리시,1159,1169,1177,1149,1109,1015,,,,,
"장애유형","청각장애",북부,남양주시,4531,4508,4328,4051,3777,3397,,,,,
"장애유형","청각장애",북부,파주시,3363,3300,3145,2939,2711,2429,,,,,
"장애유형","청각장애",북부,양주시,1889,1755,1622,1485,1360,1232,,,,,
"장애유형","청각장애",북부,포천시,1329,1357,1339,1275,1197,1074,,,,,
"장애유형","청각장애",북부,연천군,504,504,495,506,495,451,,,,,
"장애유형","청각장애",북부,가평군,795,807,786,773,751,692,,,,,
"장애유형","언어장애",남부,수원시,407,444,448,429,426,377,,,,,
"장애유형","언어장애",남부,성남시,293,324,331,331,328,330,,,,,
"장애유형","언어장애",남부,안양시,181,191,179,176,159,143,,,,,
"장애유형","언어장애",남부,부천시,337,360,358,337,336,319,,,,,
"장애유형","언어장애",남부,광명시,103,113,127,120,132,133,,,,,
"장애유형","언어장애",남부,평택시,232,227,216,209,185,164,,,,,
"장애유형","언어장애",남부,안산시,297,303,300,291,270,245,,,,,
"장애유형","언어장애",남부,과천시,13,16,16,13,9,12,,,,,
"장애유형","언어장애",남부,오산시,102,103,98,90,84,76,,,,,
"장애유형","언어장애",남부,시흥시,212,228,233,216,194,176,,,,,
"장애유형","언어장애",남부,군포시,96,102,118,113,107,96,,,,,
"장애유형","언어장애",남부,의왕시,41,46,52,52,40,37,,,,,
"장애유형","언어장애",남부,하남시,106,115,112,102,92,86,,,,,
"장애유형","언어장애",남부,용인시,328,348,349,328,277,252,,,,,
"장애유형","언어장애",남부,이천시,95,93,97,93,82,84,,,,,
"장애유형","언어장애",남부,안성시,83,83,92,88,90,90,,,,,
"장애유형","언어장애",남부,김포시,185,184,181,158,125,110,,,,,
"장애유형","언어장애",남부,화성시,343,359,354,333,282,248,,,,,
"장애유형","언어장애",남부,광주시,162,175,168,159,137,131,,,,,
"장애유형","언어장애",남부,여주시,62,58,56,58,64,59,,,,,
"장애유형","언어장애",남부,양평군,77,82,80,69,65,64,,,,,
"장애유형","언어장애",북부,의정부시,178,181,174,169,146,147,,,,,
"장애유형","언어장애",북부,동두천시,56,52,51,48,42,48,,,,,
"장애유형","언어장애",북부,고양시,389,411,394,376,358,352,,,,,
"장애유형","언어장애",북부,구리시,73,73,78,72,78,78,,,,,
"장애유형","언어장애",북부,남양주시,298,309,310,308,292,260,,,,,
"장애유형","언어장애",북부,파주시,213,227,216,202,186,175,,,,,
"장애유형","언어장애",북부,양주시,132,128,120,108,100,103,,,,,
"장애유형","언어장애",북부,포천시,70,69,67,70,71,75,,,,,
"장애유형","언어장애",북부,연천군,21,21,18,17,17,16,,,,,
"장애유형","언어장애",북부,가평군,32,37,37,33,34,31,,,,,
"장애유형","청각·언어",남부,수원시,,,,,,,4449,4181,3896,3883,3833
"장애유형","청각·언어",남부,성남시,,,,,,,4027,3673,3383,3410,3441
"장애유형","청각·언어",남부,안양시,,,,,,,2286,2213,2098,2142,2209
"장애유형","청각·언어",남부,부천시,,,,,,,4351,3951,3595,3614,3708
"장애유형","청각·언어",남부,광명시,,,,,,,1601,1508,1429,1408,1457
"장애유형","청각·언어",남부,평택시,,,,,,,2543,2330,2201,2228,2226
"장애유형","청각·언어",남부,안산시,,,,,,,3222,3064,2940,2988,3004
"장애유형","청각·언어",남부,과천시,,,,,,,256,272,264,266,269
"장애유형","청각·언어",남부,오산시,,,,,,,910,855,811,814,796
"장애유형","청각·언어",남부,시흥시,,,,,,,1918,1678,1548,1589,1621
"장애유형","청각·언어",남부,군포시,,,,,,,1434,1379,1296,1310,1321
"장애유형","청각·언어",남부,의왕시,,,,,,,666,607,571,607,611
"장애유형","청각·언어",남부,하남시,,,,,,,1032,928,743,700,690
"장애유형","청각·언어",남부,용인시,,,,,,,3865,3499,3153,3159,3121
"장애유형","청각·언어",남부,이천시,,,,,,,1199,1166,1145,1187,1243
"장애유형","청각·언어",남부,안성시,,,,,,,1498,1262,1146,1161,1168
"장애유형","청각·언어",남부,김포시,,,,,,,1819,1533,1396,1390,1351
"장애유형","청각·언어",남부,화성시,,,,,,,2476,2224,2031,1927,1932
"장애유형","청각·언어",남부,광주시,,,,,,,1614,1461,1292,1230,1175
"장애유형","청각·언어",남부,여주시,,,,,,,833,803,777,790,816
"장애유형","청각·언어",남부,양평군,,,,,,,864,789,744,724,730
"장애유형","청각·언어",북부,의정부시,,,,,,,2288,2073,1906,1891,1901
"장애유형","청각·언어",북부,동두천시,,,,,,,715,661,570,560,547
"장애유형","청각·언어",북부,고양시,,,,,,,4858,4452,3949,3883,3883
"장애유형","청각·언어",북부,구리시,,,,,,,1025,884,753,748,766
"장애유형","청각·언어",북부,남양주시,,,,,,,3274,2950,2665,2599,2523
"장애유형","청각·언어",북부,파주시,,,,,,,2345,2153,1956,1958,1932
"장애유형","청각·언어",북부,양주시,,,,,,,1172,1007,934,922,923
"장애유형","청각·언어",북부,포천시,,,,,,,1024,965,883,885,893
"장애유형","청각·언어",북부,연천군,,,,,,,434,402,366,366,368
"장애유형","청각·언어",북부,가평군,,,,,,,623,531,500,500,513
"장애유형","지적장애",남부,수원시,3613,3519,3443,3332,3249,3159,3059,2945,2829,2696,2606
"장애유형","지적장애",남부,성남시,2939,2927,2881,2860,2823,2774,2724,2685,2578,2527,2466
"장애유형","지적장애",남부,안양시,1542,1505,1478,1465,1476,1484,1411,1391,1340,1277,1290
"장애유형","지적장애",남부,부천시,3022,2947,2889,2818,2767,2681,2593,2488,2399,2337,2207
"장애유형","지적장애",남부,광명시,973,976,962,947,951,962,938,918,930,890,869
"장애유형","지적장애",남부,평택시,2346,2269,2181,2069,1985,1872,1796,1719,1654,1570,1495
"장애유형","지적장애",남부,안산시,2907,2845,2778,2728,2647,2575,2517,2423,2355,2302,2230
"장애유형","지적장애",남부,과천시,175,173,172,158,143,147,139,139,132,129,122
"장애유형","지적장애",남부,오산시,896,878,886,894,846,819,751,728,689,663,640
"장애유형","지적장애",남부,시흥시,1766,1707,1643,1562,1482,1382,1288,1203,1136,1104,1073
"장애유형","지적장애",남부,군포시,811,799,790,787,759,725,696,673,645,628,600
"장애유형","지적장애",남부,의왕시,467,458,449,443,423,400,386,377,366,366,350
"장애유형","지적장애",남부,하남시,864,852,825,760,731,684,613,557,478,429,422
"장애유형","지적장애",남부,용인시,2961,2912,2853,2775,2677,2553,2434,2296,2217,2103,1962
"장애유형","지적장애",남부,이천시,1278,1273,1247,1216,1211,1166,1138,1112,1092,1060,1035
"장애유형","지적장애",남부,안성시,1213,1190,1165,1136,1088,1056,1025,993,932,896,877
"장애유형","지적장애",남부,김포시,1520,1440,1397,1336,1266,1212,1145,1092,1020,973,930
"장애유형","지적장애",남부,화성시,2691,2563,2434,2305,2184,1991,1856,1715,1602,1506,1433
"장애유형","지적장애",남부,광주시,1643,1617,1560,1500,1443,1395,1307,1239,1189,1110,1049
"장애유형","지적장애",남부,여주시,909,870,859,820,788,783,774,777,716,678,683
"장애유형","지적장애",남부,양평군,962,950,930,891,859,853,827,821,792,771,738
"장애유형","지적장애",북부,의정부시,1732,1671,1611,1551,1497,1423,1357,1300,1258,1188,1151
"장애유형","지적장애",북부,동두천시,573,564,572,550,537,513,490,464,420,409,402
"장애유형","지적장애",북부,고양시,3397,3334,3283,3248,3192,3097,3024,2956,2896,2779,2647
"장애유형","지적장애",북부,구리시,676,656,673,658,653,628,609,602,554,531,519
"장애유형","지적장애",북부,남양주시,2593,2537,2451,2354,2297,2175,2127,2046,1984,1909,1782
"장애유형","지적장애",북부,파주시,2012,1958,1870,1773,1693,1611,1542,1478,1391,1342,1316
"장애유형","지적장애",북부,양주시,1196,1114,1078,1050,1012,970,919,852,819,798,760
"장애유형","지적장애",북부,포천시,1047,1046,1026,1003,967,952,927,887,861,834,792
"장애유형","지적장애",북부,연천군,282,279,273,268,262,263,244,237,281,277,268
"장애유형","지적장애",북부,가평군,606,619,636,626,634,628,633,629,648,626,617
"장애유형","자폐성장애",남부,수원시,1016,887,783,729,674,624,577,523,481,447,407
"장애유형","자폐성장애",남부,성남시,888,797,735,672,635,596,556,513,487,436,394
"장애유형","자폐성장애",남부,안양시,465,395,358,336,331,316,297,280,264,256,240
"장애유형","자폐성장애",남부,부천시,676,595,543,513,484,448,426,398,370,348,324
"장애유형","자폐성장애",남부,광명시,228,203,189,174,175,166,164,154,142,128,120
"장애유형","자폐성장애",남부,평택시,355,282,244,205,169,151,128,115,105,94,89
"장애유형","자폐성장애",남부,안산시,454,412,363,332,311,297,284,267,235,221,216
"장애유형","자폐성장애",남부,과천시,99,90,76,63,55,55,51,53,60,53,44
"장애유형","자폐성장애",남부,오산시,157,139,126,122,100,89,73,61,53,50,41
"장애유형","자폐성장애",남부,시흥시,370,301,259,217,190,164,146,130,116,107,97
"장애유형","자폐성장애",남부,군포시,239,205,184,173,160,161,150,131,131,125,107
"장애유형","자폐성장애",남부,의왕시,156,131,123,110,103,93,80,83,69,63,57
"장애유형","자폐성장애",남부,하남시,309,258,222,187,152,132,101,97,77,68,61
"장애유형","자폐성장애",남부,용인시,1004,891,786,699,636,596,536,491,424,372,330
"장애유형","자폐성장애",남부,이천시,226,197,186,166,159,144,127,112,99,90,73
"장애유형","자폐성장애",남부,안성시,126,120,111,104,88,89,80,81,59,55,49
"장애유형","자폐성장애",남부,김포시,379,335,275,238,212,180,158,135,120,108,82
"장애유형","자폐성장애",남부,화성시,776,631,528,453,403,345,303,257,215,178,164
"장애유형","자폐성장애",남부,광주시,320,255,230,203,173,154,126,112,91,80,77
"장애유형","자폐성장애",남부,여주시,87,77,67,62,63,56,52,47,39,37,33
"장애유형","자폐성장애",남부,양평군,119,106,90,74,67,56,52,56,42,36,37
"장애유형","자폐성장애",북부,의정부시,392,345,305,271,253,235,218,204,180,169,153
"장애유형","자폐성장애",북부,동두천시,60,51,46,46,38,38,35,34,32,28,30
"장애유형","자폐성장애",북부,고양시,1233,1121,1024,972,918,872,803,780,737,680,646
"장애유형","자폐성장애",북부,구리시,160,146,122,121,112,109,100,98,87,81,74
"장애유형","자폐성장애",북부,남양주시,567,515,467,410,373,340,300,279,253,227,210
"장애유형","자폐성장애",북부,파주시,544,492,439,389,362,319,287,254,232,195,180
"장애유형","자폐성장애",북부,양주시,228,181,160,140,124,114,98,88,78,59,56
"장애유형","자폐성장애",북부,포천시,68,67,62,56,53,52,52,44,40,38,33
"장애유형","자폐성장애",북부,연천군,24,22,21,20,20,18,17,15,14,14,7
"장애유형","자폐성장애",북부,가평군,37,37,31,30,31,28,26,28,28,25,19
"장애유형","정신장애",남부,수원시,1612,1587,1562,1531,1501,1476,1433,1379,1328,1270,1218
"장애유형","정신장애",남부,성남시,1374,1409,1410,1409,1406,1388,1382,1372,1336,1319,1296
"장애유형","정신장애",남부,안양시,732,727,707,703,718,717,701,696,705,688,694
"장애유형","정신장애",남부,부천시,1398,1440,1449,1427,1383,1366,1322,1300,1263,1195,1177
"장애유형","정신장애",남부,광명시,468,479,491,492,502,521,515,512,506,489,483
"장애유형","정신장애",남부,평택시,764,764,750,743,729,731,691,677,677,657,629
"장애유형","정신장애",남부,안산시,991,1010,1011,984,957,946,907,908,918,895,889
"장애유형","정신장애",남부,과천시,75,75,69,66,67,65,65,71,76,67,65
"장애유형","정신장애",남부,오산시,439,450,460,457,446,441,423,421,416,407,406
"장애유형","정신장애",남부,시흥시,614,600,570,546,526,509,489,469,462,440,414
"장애유형","정신장애",남부,군포시,411,416,408,393,398,388,363,370,355,347,344
"장애유형","정신장애",남부,의왕시,236,232,229,235,226,215,220,208,207,211,214
"장애유형","정신장애",남부,하남시,339,346,341,322,308,297,283,267,235,213,207
"장애유형","정신장애",남부,용인시,1509,1515,1522,1523,1522,1499,1437,1425,1387,1390,1334
"장애유형","정신장애",남부,이천시,331,336,327,326,315,316,313,304,289,278,277
"장애유형","정신장애",남부,안성시,366,349,339,330,322,310,300,293,273,272,276
"장애유형","정신장애",남부,김포시,562,565,534,511,508,483,460,444,426,420,384
"장애유형","정신장애",남부,화성시,992,981,957,930,896,868,848,844,775,745,765
"장애유형","정신장애",남부,광주시,380,376,369,349,343,327,295,285,276,262,263
"장애유형","정신장애",남부,여주시,244,250,246,243,238,231,226,219,216,203,205
"장애유형","정신장애",남부,양평군,243,253,242,239,238,226,223,214,210,203,206
"장애유형","정신장애",북부,의정부시,831,827,811,781,761,743,731,726,718,689,660
"장애유형","정신장애",북부,동두천시,339,345,343,335,335,344,337,331,329,327,333
"장애유형","정신장애",북부,고양시,1599,1574,1534,1507,1490,1441,1393,1376,1331,1242,1236
"장애유형","정신장애",북부,구리시,244,243,244,243,237,242,245,230,226,226,215
"장애유형","정신장애",북부,남양주시,905,909,892,877,876,857,855,829,817,800,763
"장애유형","정신장애",북부,파주시,672,663,642,624,608,599,587,581,551,544,526
"장애유형","정신장애",북부,양주시,583,554,557,565,564,572,564,560,560,541,507
"장애유형","정신장애",북부,포천시,303,311,313,307,305,308,301,301,305,307,309
"장애유형","정신장애",북부,연천군,113,116,108,108,101,111,108,107,111,102,101
"장애유형","정신장애",북부,가평군,444,444,449,457,477,479,479,496,504,509,500
"장애유형","신장장애",남부,수원시,2149,2098,2001,1927,1826,1753,1678,1588,1441,1371,1261
"장애유형","신장장애",남부,성남시,1753,1691,1666,1642,1616,1548,1508,1424,1342,1282,1243
"장애유형","신장장애",남부,안양시,1107,1107,1064,1029,1031,1004,970,932,875,818,754
"장애유형","신장장애",남부,부천시,1725,1744,1755,1680,1609,1560,1525,1413,1331,1261,1195
"장애유형","신장장애",남부,광명시,566,570,553,540,540,534,516,509,482,468,432
"장애유형","신장장애",남부,평택시,977,995,923,855,819,758,701,653,637,584,553
"장애유형","신장장애",남부,안산시,1348,1318,1286,1239,1199,1105,1068,996,918,857,819
"장애유형","신장장애",남부,과천시,92,93,94,82,78,81,85,90,89,88,82
"장애유형","신장장애",남부,오산시,394,377,342,325,313,272,247,237,236,216,204
"장애유형","신장장애",남부,시흥시,965,934,864,787,719,658,587,516,458,430,422
"장애유형","신장장애",남부,군포시,569,561,542,538,512,498,454,411,408,370,367
"장애유형","신장장애",남부,의왕시,310,306,305,284,274,252,235,233,214,206,205
"장애유형","신장장애",남부,하남시,579,575,549,510,430,395,329,298,249,205,187
"장애유형","신장장애",남부,용인시,1814,1771,1707,1590,1540,1431,1318,1260,1176,1118,1040
"장애유형","신장장애",남부,이천시,456,457,439,411,366,339,319,305,286,274,244
"장애유형","신장장애",남부,안성시,396,384,372,350,310,295,280,268,256,234,237
"장애유형","신장장애",남부,김포시,876,883,853,805,719,643,583,509,465,439,393
"장애유형","신장장애",남부,화성시,1268,1232,1145,1069,972,891,766,677,621,565,530
"장애유형","신장장애",남부,광주시,784,781,732,670,610,574,541,504,472,421,387
"장애유형","신장장애",남부,여주시,270,262,248,245,228,208,196,191,173,161,152
"장애유형","신장장애",남부,양평군,316,295,284,277,261,246,227,207,191,184,180
"장애유형","신장장애",북부,의정부시,1031,1030,1000,963,895,858,819,751,714,691,677
"장애유형","신장장애",북부,동두천시,263,257,246,230,218,228,222,220,210,202,173
"장애유형","신장장애",북부,고양시,2050,2093,2007,1871,1748,1669,1554,1432,1355,1242,1142
"장애유형","신장장애",북부,구리시,438,426,414,386,375,365,344,303,271,252,241
"장애유형","신장장애",북부,남양주시,1570,1514,1474,1364,1295,1191,1104,1028,977,884,812
"장애유형","신장장애",북부,파주시,961,907,862,803,759,714,653,638,598,536,495
"장애유형","신장장애",북부,양주시,591,562,529,500,460,450,423,374,348,334,301
"장애유형","신장장애",북부,포천시,388,394,387,357,346,332,335,303,291,264,252
"장애유형","신장장애",북부,연천군,104,100,99,102,105,88,87,81,82,69,72
"장애유형","신장장애",북부,가평군,164,168,162,156,138,130,133,127,119,112,109
"장애유형","심장장애",남부,수원시,78,73,71,78,78,81,81,77,84,87,82
"장애유형","심장장애",남부,성남시,105,117,122,129,132,134,143,151,163,170,177
"장애유형","심장장애",남부,안양시,40,40,44,47,45,47,53,56,59,69,72
"장애유형","심장장애",남부,부천시,55,56,59,57,66,69,70,69,63,69,65
"장애유형","심장장애",남부,광명시,25,27,30,32,34,33,38,37,41,56,60
"장애유형","심장장애",남부,평택시,61,64,67,64,63,56,58,61,60,70,73
"장애유형","심장장애",남부,안산시,59,68,68,67,71,67,66,66,70,82,83
"장애유형","심장장애",남부,과천시,6,6,6,5,6,5,5,9,10,9,9
"장애유형","심장장애",남부,오산시,22,21,21,22,20,21,23,23,27,25,26
"장애유형","심장장애",남부,시흥시,41,41,40,39,39,38,35,31,33,39,45
"장애유형","심장장애",남부,군포시,26,25,27,30,31,31,35,34,37,39,40
"장애유형","심장장애",남부,의왕시,16,13,14,13,16,14,13,14,20,20,19
"장애유형","심장장애",남부,하남시,27,26,29,27,27,25,24,22,15,12,14
"장애유형","심장장애",남부,용인시,97,100,104,109,107,108,106,103,116,126,154
"장애유형","심장장애",남부,이천시,14,11,11,11,13,13,13,15,15,19,23
"장애유형","심장장애",남부,안성시,14,15,15,16,12,10,13,15,20,26,26
"장애유형","심장장애",남부,김포시,44,47,42,41,39,45,41,42,38,40,36
"장애유형","심장장애",남부,화성시,61,69,68,69,57,52,47,47,46,49,46
"장애유형","심장장애",남부,광주시,45,46,40,37,40,42,36,32,33,35,37
"장애유형","심장장애",남부,여주시,9,11,13,10,9,8,10,9,9,15,21
"장애유형","심장장애",남부,양평군,11,13,14,13,11,12,13,15,16,17,21
"장애유형","심장장애",북부,의정부시,42,44,46,54,55,58,54,55,53,54,48
"장애유형","심장장애",북부,동두천시,17,16,17,18,18,17,19,17,22,21,23
"장애유형","심장장애",북부,고양시,98,107,104,104,104,96,90,87,87,93,95
"장애유형","심장장애",북부,구리시,25,24,30,29,26,29,31,31,25,24,32
"장애유형","심장장애",북부,남양주시,69,77,78,77,72,76,69,75,81,86,99
"장애유형","심장장애",북부,파주시,53,60,58,58,60,56,52,48,48,57,63
"장애유형","심장장애",북부,양주시,34,31,34,32,30,35,30,31,34,38,42
"장애유형","심장장애",북부,포천시,10,10,10,11,10,12,11,7,10,14,15
"장애유형","심장장애",북부,연천군,4,3,3,4,3,3,4,4,5,6,3
"장애유형","심장장애",북부,가평군,8,9,10,9,9,9,9,10,12,12,12
"장애유형","호흡기장애",남부,수원시,156,157,160,152,149,155,154,159,158,163,164
"장애유형","호흡기장애",남부,성남시,189,199,202,203,209,225,219,208,195,210,236
"장애유형","호흡기장애",남부,안양시,77,86,86,87,95,100,103,109,114,116,124
"장애유형","호흡기장애",남부,부천시,131,149,165,155,156,160,150,157,155,160,172
"장애유형","호흡기장애",남부,광명시,61,69,77,79,82,93,88,89,84,89,88
"장애유형","호흡기장애",남부,평택시,104,112,98,100,85,88,87,88,99,100,105
"장애유형","호흡기장애",남부,안산시,99,106,108,107,112,115,121,125,128,141,154
"장애유형","호흡기장애",남부,과천시,8,9,10,6,7,8,6,6,7,9,7
"장애유형","호흡기장애",남부,오산시,39,41,43,43,41,36,34,33,37,37,31
"장애유형","호흡기장애",남부,시흥시,78,83,78,74,78,76,75,75,75,75,84
"장애유형","호흡기장애",남부,군포시,69,72,66,67,77,86,83,79,78,72,75
"장애유형","호흡기장애",남부,의왕시,30,27,26,27,20,19,21,22,26,31,32
"장애유형","호흡기장애",남부,하남시,59,62,63,61,57,56,46,39,38,36,39
"장애유형","호흡기장애",남부,용인시,137,160,168,153,146,158,162,163,164,167,185
"장애유형","호흡기장애",남부,이천시,48,45,47,47,41,44,47,45,46,44,51
"장애유형","호흡기장애",남부,안성시,35,39,38,32,33,35,30,31,35,36,37
"장애유형","호흡기장애",남부,김포시,63,83,84,81,74,83,70,63,63,60,61
"장애유형","호흡기장애",남부,화성시,100,104,105,102,97,93,84,76,77,69,73
"장애유형","호흡기장애",남부,광주시,96,102,93,98,89,97,84,79,77,72,68
"장애유형","호흡기장애",남부,여주시,31,27,24,22,21,28,24,25,28,29,32
"장애유형","호흡기장애",남부,양평군,36,32,32,36,38,45,44,42,40,34,42
"장애유형","호흡기장애",북부,의정부시,89,93,103,99,92,93,79,81,79,76,78
"장애유형","호흡기장애",북부,동두천시,37,38,34,33,32,30,28,25,25,22,23
"장애유형","호흡기장애",북부,고양시,216,235,236,227,220,206,225,206,212,215,218
"장애유형","호흡기장애",북부,구리시,37,35,41,45,43,44,43,42,47,43,44
"장애유형","호흡기장애",북부,남양주시,154,170,157,152,134,131,140,126,132,133,136
"장애유형","호흡기장애",북부,파주시,102,103,99,101,99,102,103,105,108,106,112
"장애유형","호흡기장애",북부,양주시,51,51,48,48,48,48,42,47,43,45,49
"장애유형","호흡기장애",북부,포천시,27,32,26,24,32,32,31,36,30,35,34
"장애유형","호흡기장애",북부,연천군,7,7,6,6,6,8,7,4,7,9,10
"장애유형","호흡기장애",북부,가평군,16,18,17,15,13,12,17,18,16,20,20
"장애유형","간장애",남부,수원시,307,272,260,250,240,243,243,241,222,210,193
"장애유형","간장애",남부,성남시,262,260,242,232,211,204,193,187,187,177,174
"장애유형","간장애",남부,안양시,138,130,131,129,129,117,120,119,114,102,98
"장애유형","간장애",남부,부천시,235,236,233,226,223,220,208,188,166,157,145
"장애유형","간장애",남부,광명시,93,92,92,81,88,79,74,68,63,60,68
"장애유형","간장애",남부,평택시,154,151,138,125,122,122,119,105,95,88,92
"장애유형","간장애",남부,안산시,150,154,150,146,140,135,129,109,113,116,115
"장애유형","간장애",남부,과천시,17,14,10,7,7,8,9,9,9,8,10
"장애유형","간장애",남부,오산시,72,69,61,59,56,50,47,40,35,36,29
"장애유형","간장애",남부,시흥시,162,149,131,125,108,94,87,78,67,60,52
"장애유형","간장애",남부,군포시,66,62,60,58,50,53,46,45,45,42,45
"장애유형","간장애",남부,의왕시,62,59,58,57,54,52,47,50,44,39,41
"장애유형","간장애",남부,하남시,100,93,83,78,71,66,63,48,38,33,31
"장애유형","간장애",남부,용인시,324,318,310,290,291,271,256,243,228,202,197
"장애유형","간장애",남부,이천시,80,73,70,69,64,56,55,53,49,43,39
"장애유형","간장애",남부,안성시,73,61,61,55,55,55,55,54,53,51,46
"장애유형","간장애",남부,김포시,121,117,112,108,105,98,88,74,67,63,58
"장애유형","간장애",남부,화성시,221,196,183,182,152,143,128,111,95,85,85
"장애유형","간장애",남부,광주시,130,125,115,109,98,100,91,84,72,70,62
"장애유형","간장애",남부,여주시,56,52,53,53,49,48,43,39,40,39,33
"장애유형","간장애",남부,양평군,66,63,64,65,49,44,45,42,36,28,27
"장애유형","간장애",북부,의정부시,122,121,112,102,101,91,89,81,75,77,73
"장애유형","간장애",북부,동두천시,30,29,23,22,25,25,24,24,19,17,15
"장애유형","간장애",북부,고양시,359,361,363,344,322,300,281,285,288,278,256
"장애유형","간장애",북부,구리시,45,44,42,39,36,37,40,31,28,27,26
"장애유형","간장애",북부,남양주시,230,216,209,184,173,164,146,143,130,118,116
"장애유형","간장애",북부,파주시,147,141,126,119,114,104,102,100,89,83,81
"장애유형","간장애",북부,양주시,92,75,74,65,60,60,54,52,48,43,43
"장애유형","간장애",북부,포천시,69,72,69,68,67,62,56,48,44,43,40
"장애유형","간장애",북부,연천군,18,20,20,19,17,17,15,16,14,14,9
"장애유형","간장애",북부,가평군,38,38,37,38,34,35,33,29,28,21,20
"장애유형","안면장애",남부,수원시,42,43,46,46,48,50,51,52,49,51,50
"장애유형","안면장애",남부,성남시,37,37,39,43,39,41,41,41,37,34,34
"장애유형","안면장애",남부,안양시,22,22,21,22,26,24,24,25,23,21,26
"장애유형","안면장애",남부,부천시,55,51,52,53,52,52,48,50,47,49,50
"장애유형","안면장애",남부,광명시,11,11,10,9,12,13,13,14,14,17,16
"장애유형","안면장애",남부,평택시,29,28,26,29,24,23,24,24,20,18,20
"장애유형","안면장애",남부,안산시,32,31,27,32,31,30,33,29,33,31,31
"장애유형","안면장애",남부,과천시,3,3,3,3,2,2,2,2,3,3,3
"장애유형","안면장애",남부,오산시,15,15,15,14,14,16,16,15,14,12,10
"장애유형","안면장애",남부,시흥시,24,25,23,25,25,28,27,26,24,26,29
"장애유형","안면장애",남부,군포시,13,11,13,12,11,12,12,11,11,11,12
"장애유형","안면장애",남부,의왕시,3,4,5,4,3,3,4,3,3,3,2
"장애유형","안면장애",남부,하남시,9,11,12,10,8,7,7,6,5,5,5
"장애유형","안면장애",남부,용인시,37,37,32,30,29,30,30,29,32,30,29
"장애유형","안면장애",남부,이천시,14,13,14,13,14,14,14,13,13,11,12
"장애유형","안면장애",남부,안성시,13,11,12,11,12,11,11,15,15,13,12
"장애유형","안면장애",남부,김포시,27,27,28,22,23,23,23,23,21,21,19
"장애유형","안면장애",남부,화성시,38,37,38,34,37,37,30,25,27,25,25
"장애유형","안면장애",남부,광주시,17,17,18,18,18,18,13,12,12,12,13
"장애유형","안면장애",남부,여주시,10,11,11,12,13,13,15,14,14,15,15
"장애유형","안면장애",남부,양평군,12,10,10,11,10,11,12,11,11,11,8
"장애유형","안면장애",북부,의정부시,26,25,25,26,23,26,25,23,22,22,22
"장애유형","안면장애",북부,동두천시,8,9,8,6,6,5,5,5,5,5,5
"장애유형","안면장애",북부,고양시,47,45,44,47,44,44,46,46,44,48,46
"장애유형","안면장애",북부,구리시,6,8,6,6,6,7,6,5,4,4,6
"장애유형","안면장애",북부,남양주시,33,31,32,29,26,24,27,25,25,23,21
"장애유형","안면장애",북부,파주시,24,23,25,23,23,25,22,20,20,22,20
"장애유형","안면장애",북부,양주시,25,19,19,18,17,18,16,15,15,15,17
"장애유형","안면장애",북부,포천시,6,8,9,11,10,9,8,8,8,8,8
"장애유형","안면장애",북부,연천군,5,5,5,5,5,5,5,7,7,7,7
"장애유형","안면장애",북부,가평군,6,5,5,5,5,5,5,4,3,3,3
"장애유형","장루, 요루장애",남부,수원시,315,313,297,280,277,266,266,256,258,232,222
"장애유형","장루, 요루장애",남부,성남시,255,264,247,235,243,236,242,230,215,220,209
"장애유형","장루, 요루장애",남부,안양시,141,146,137,128,135,134,134,134,126,122,130
"장애유형","장루, 요루장애",남부,부천시,224,227,220,213,208,201,198,194,184,170,173
"장애유형","장루, 요루장애",남부,광명시,84,79,75,73,76,85,87,82,85,81,82
"장애유형","장루, 요루장애",남부,평택시,151,153,149,144,130,126,115,117,118,119,116
"장애유형","장루, 요루장애",남부,안산시,171,171,169,145,141,135,136,141,149,149,145
"장애유형","장루, 요루장애",남부,과천시,22,20,17,19,19,17,19,20,25,20,20
"장애유형","장루, 요루장애",남부,오산시,60,54,58,57,51,47,48,44,45,45,43
"장애유형","장루, 요루장애",남부,시흥시,126,121,114,109,106,102,92,86,89,87,85
"장애유형","장루, 요루장애",남부,군포시,73,78,77,73,75,73,73,71,67,61,58
"장애유형","장루, 요루장애",남부,의왕시,50,54,58,52,55,52,55,56,55,47,44
"장애유형","장루, 요루장애",남부,하남시,95,90,83,63,66,65,56,52,47,46,44
"장애유형","장루, 요루장애",남부,용인시,300,289,275,270,276,265,262,257,250,244,221
"장애유형","장루, 요루장애",남부,이천시,59,56,56,59,54,50,54,52,46,47,48
"장애유형","장루, 요루장애",남부,안성시,57,60,59,63,62,64,54,51,49,44,40
"장애유형","장루, 요루장애",남부,김포시,144,145,143,123,113,112,94,91,88,78,70
"장애유형","장루, 요루장애",남부,화성시,216,199,178,163,158,153,139,122,109,106,95
"장애유형","장루, 요루장애",남부,광주시,143,133,128,124,109,100,93,89,78,73,67
"장애유형","장루, 요루장애",남부,여주시,43,48,49,45,42,38,43,39,39,43,39
"장애유형","장루, 요루장애",남부,양평군,69,63,60,57,59,54,55,49,49,42,52
"장애유형","장루, 요루장애",북부,의정부시,140,134,124,128,128,128,132,125,116,120,120
"장애유형","장루, 요루장애",북부,동두천시,43,45,42,40,35,35,35,35,37,34,33
"장애유형","장루, 요루장애",북부,고양시,322,312,294,296,285,284,271,260,226,223,222
"장애유형","장루, 요루장애",북부,구리시,60,53,44,46,49,48,45,47,46,44,42
"장애유형","장루, 요루장애",북부,남양주시,250,247,226,197,199,199,202,202,196,180,174
"장애유형","장루, 요루장애",북부,파주시,171,170,166,146,143,135,130,123,127,123,119
"장애유형","장루, 요루장애",북부,양주시,110,98,88,81,77,74,70,62,60,56,61
"장애유형","장루, 요루장애",북부,포천시,71,72,68,63,67,68,62,58,58,57,55
"장애유형","장루, 요루장애",북부,연천군,16,15,14,18,15,11,13,16,15,12,12
"장애유형","장루, 요루장애",북부,가평군,37,31,27,28,27,32,31,30,26,23,22
"장애유형","뇌전증장애",남부,수원시,124,116,110,111,119,120,118,114,124,126,122
"장애유형","뇌전증장애",남부,성남시,79,76,82,87,92,90,91,89,99,99,106
"장애유형","뇌전증장애",남부,안양시,57,62,57,60,59,62,61,60,68,64,73
"장애유형","뇌전증장애",남부,부천시,88,96,101,104,102,104,107,108,104,108,104
"장애유형","뇌전증장애",남부,광명시,36,43,45,44,49,59,57,59,58,55,56
"장애유형","뇌전증장애",남부,평택시,49,49,49,52,47,43,40,43,52,46,41
"장애유형","뇌전증장애",남부,안산시,84,88,88,85,89,91,91,83,89,95,97
"장애유형","뇌전증장애",남부,과천시,5,4,5,5,4,4,3,2,3,4,3
"장애유형","뇌전증장애",남부,오산시,24,23,24,24,29,32,32,31,32,28,34
"장애유형","뇌전증장애",남부,시흥시,48,45,45,44,37,31,34,34,33,33,37
"장애유형","뇌전증장애",남부,군포시,19,22,23,24,21,23,23,21,20,17,15
"장애유형","뇌전증장애",남부,의왕시,26,25,26,24,22,22,23,19,19,18,19
"장애유형","뇌전증장애",남부,하남시,23,24,29,24,20,19,21,22,15,12,16
"장애유형","뇌전증장애",남부,용인시,76,68,69,68,73,71,65,63,62,56,55
"장애유형","뇌전증장애",남부,이천시,28,27,26,28,32,31,30,33,35,30,30
"장애유형","뇌전증장애",남부,안성시,19,22,22,23,21,22,22,23,26,28,29
"장애유형","뇌전증장애",남부,김포시,55,54,53,53,55,52,46,43,43,39,39
"장애유형","뇌전증장애",남부,화성시,70,65,59,63,64,60,58,56,57,56,51
"장애유형","뇌전증장애",남부,광주시,33,34,34,33,30,30,31,26,25,25,26
"장애유형","뇌전증장애",남부,여주시,14,14,15,17,17,18,19,18,18,16,18
"장애유형","뇌전증장애",남부,양평군,16,18,19,21,21,24,24,21,21,23,27
"장애유형","뇌전증장애",북부,의정부시,58,59,55,55,48,47,49,45,43,40,47
"장애유형","뇌전증장애",북부,동두천시,19,20,18,19,19,21,20,22,22,21,23
"장애유형","뇌전증장애",북부,고양시,95,90,95,89,86,82,96,89,92,93,95
"장애유형","뇌전증장애",북부,구리시,27,25,25,25,25,22,23,19,18,25,28
"장애유형","뇌전증장애",북부,남양주시,101,99,98,87,87,84,82,79,80,77,80
"장애유형","뇌전증장애",북부,파주시,74,74,67,73,70,62,55,59,65,61,58
"장애유형","뇌전증장애",북부,양주시,37,35,33,34,39,38,32,29,36,39,36
"장애유형","뇌전증장애",북부,포천시,26,25,22,21,21,20,20,20,19,19,24
"장애유형","뇌전증장애",북부,연천군,6,7,7,6,7,7,6,6,6,9,10
"장애유형","뇌전증장애",북부,가평군,11,12,13,13,15,19,20,20,17,18,17
