"행정구역별(1)",행정구역별(2),2026,2026,2025,2025,2024,2024,2023,2023,2022,2022,2021,2021,2020,2020,2019,2019,2018,2018,2017,2017,2016,2016,2015,2015,2014,2014,2013
"행정구역별(1)",행정구역별(2),재정자립도(세입과목개편전),재정자립도(세입과목개편후),재정자립도(세입과목개편전),재정자립도(세입과목개편후),재정자립도(세입과목개편전),재정자립도(세입과목개편후),재정자립도(세입과목개편전),재정자립도(세입과목개편후),재정자립도(세입과목개편전),재정자립도(세입과목개편후),재정자립도(세입과목개편전),재정자립도(세입과목개편후),재정자립도(세입과목개편전),재정자립도(세입과목개편후),재정자립도(세입과목개편전),재정자립도(세입과목개편후),재정자립도(세입과목개편전),재정자립도(세입과목개편후),재정자립도(세입과목개편전),재정자립도(세입과목개편후),재정자립도(세입과목개편전),재정자립도(세입과목개편후),재정자립도(세입과목개편전),재정자립도(세입과목개편후),재정자립도(세입과목개편전),재정자립도(세입과목개편후),재정자립도(세입과목개편전)
"전국",소계,47.35,42.37,48.6,43.18,48.58,43.31,50.14,45.02,49.91,45.34,48.66,43.58,50.39,45.16,51.35,44.9,53.41,46.8,53.68,47.18,52.47,46.58,50.56,45.12,50.33,44.85,51.09
"서울특별시",소계,78.76,74.04,79.13,73.62,79.83,73.95,81.2,75.37,80.9,76.31,80.64,75.59,81.36,76.08,82.18,76.48,84.3,79.17,85,80.49,84.73,80.66,84.3,80.29,84.23,80.02,88.83
"서울특별시",종로구,45.83,41.5,49.13,39.84,48.66,42.04,50.26,46.74,51.22,47.51,52.41,47.17,53.66,46.96,53.58,47.41,52.75,47.37,54.94,50.77,54.64,50.36,56.25,49.96,61.14,54.97,61.02
"서울특별시",중구,60.42,54.15,61.99,55.71,63.96,53.63,64.2,55.83,65.64,55.26,69.16,55.28,67.57,53.45,66.01,54.93,63.31,53.39,62.36,58.4,65.17,57.11,65.75,58.63,71.55,63.46,70.9
"서울특별시",용산구,50.43,39.84,50.47,37.32,49.56,39.39,49.24,41.67,47.7,41.88,45.91,41.66,49.92,39.33,46.45,39.18,46.19,41.08,48.67,42.41,47.14,41.01,47.85,40.05,51.15,43.1,55.45
"서울특별시",성동구,38.77,33.6,38.38,32.9,39.33,30.16,40.69,34.54,40.57,34.25,40.14,33.17,39.18,32.68,39.16,32.5,38.16,34.14,39.57,34.5,39.96,37.3,39.4,34.54,45.03,32.2,48.69
"서울특별시",광진구,31.25,23.63,32.54,23.03,32.89,23.21,33.1,26.1,33.98,25.03,34.76,26.11,32.13,26.22,33.34,26.72,32.97,27.08,33.51,28.06,32.28,27.2,30.87,27.44,32.11,30.35,34.2
"서울특별시",동대문구,27.32,19.85,27.63,20.29,28.79,21.56,28.15,23.81,27.82,23.68,26.98,24.46,25.85,23.22,26.71,23.77,27.78,25.64,28.92,27.22,29.53,27.78,29.37,26.96,32.91,28.64,35.95
"서울특별시",중랑구,22.4,15.01,24.46,15.1,25.19,15.43,25.56,21.57,22.45,18.21,22.73,18.21,24.92,17.48,25.23,18.15,23.35,19.03,23.17,20.58,23.26,20.99,23.91,23.19,25.87,23.05,28.02
"서울특별시",성북구,27.65,17.17,30.77,17,28.32,18.65,28.59,20.72,27.33,19.93,24.94,20.57,24.4,20.04,25.8,19.57,27,19.6,26.6,21.77,25.55,22.77,24.43,22.38,26.84,23.86,30.48
"서울특별시",강북구,20.28,15.14,20.72,15.56,22.62,15.35,25.4,17.18,23.74,17.09,23.93,17.21,24.31,16.78,24.29,16.78,25.87,17.59,25.44,18.78,22.77,19.12,21.81,18.56,24.1,20.45,26.2
"서울특별시",도봉구,20.69,16.76,22.5,16.76,24.04,17.27,25.13,20.01,24.82,19.36,25.3,18.94,24.49,18.38,25.27,17.8,25.62,18.47,26.11,19.76,23.84,20.4,22.79,19.46,24.92,21.19,27.59
"서울특별시",노원구,16.73,14.14,18.83,16.55,22.72,16.59,22.03,16.49,21.97,16.74,20.24,15.86,20.73,15.77,20.58,15.37,21.13,15.64,20.79,17.76,19.21,17.68,17.55,15.87,19.04,17.24,22.35
"서울특별시",은평구,18.68,15.48,20.39,15.7,21.49,15.96,24.81,18.05,23.51,17.97,22.06,18.38,22.51,17.86,22.8,17.46,23.93,18.01,24.03,19.05,23.68,20.83,22.02,19.81,24.53,22.15,29.15
"서울특별시",서대문구,27.88,21.14,28.71,21.58,34.48,20.29,33.25,25.2,31.73,25.1,35.94,23.51,32.58,23.35,32.19,24.07,32.34,25.43,32.49,26.59,30.07,26.16,30.43,25.73,33.69,28.41,39.17
"서울특별시",마포구,38.26,30.22,39.11,29.16,38.94,27.98,39.23,32.97,38.35,32.56,39.06,32.03,38.79,31.61,38.93,30.68,40.14,31.52,41.58,32.89,40.91,33.05,40.93,33.29,42.6,32.8,46.13
"서울특별시",양천구,28.77,21.83,30.86,23.19,28.77,21.59,30.52,25.3,29.64,25.42,30.94,25.19,28.96,25.19,28.9,24.52,31.03,26.81,31.65,28.46,30.65,28.25,28.72,27.31,31.89,29.38,35.78
"서울특별시",강서구,28.65,23.01,26.27,19.43,27.11,19.43,27.08,21.12,26.44,20.84,27.13,21.86,28.96,21.06,28.23,19.71,26.51,21.47,26.95,21.62,25.56,22.52,26,22.43,27.58,23.25,29.67
"서울특별시",구로구,24.06,19.03,26.68,19.61,27.43,19.94,28.76,22.09,26.76,21.93,27.52,22.45,26.54,22.19,27.04,21.84,27.79,22.51,26.71,23.95,26.61,24.81,27.07,25.06,30.88,27.09,32.07
"서울특별시",금천구,25.46,21.64,32.23,21.59,33.04,22.02,33.56,23.63,29.8,25.08,30.96,26.26,30.05,24.73,29.72,25.31,28.55,25.6,30.16,27.2,31.31,26.79,31.59,27.39,33.66,30.31,39.13
"서울특별시",영등포구,41.95,32.47,41.87,34.34,43.79,35.17,43.14,37.43,42.88,37.33,42.59,36.48,42.22,36.02,42.61,35.69,42.83,37.88,44.31,41.96,45.15,42.83,46.26,44.23,49.17,42.44,49.39
"서울특별시",동작구,37,28.87,34.67,28.19,34.35,28.41,31.86,27.42,31.53,28.08,32.17,29.13,31.99,26.37,31.44,25.96,31.85,26.78,34.23,27.19,33.14,28.74,28.74,28.74,34.39,31.81,40.04
"서울특별시",관악구,21.64,16.84,22.88,17.15,24.78,17.72,26.03,19.87,23.79,19.64,23.11,19.7,24.87,19.25,25.37,18.7,26.52,19.44,25.79,20.61,24.8,20.7,25.27,21.55,31.06,25.34,33
"서울특별시",서초구,60.91,53.02,62.75,52.62,62.19,53.16,64.07,57.29,63.54,57.81,62.82,58.16,62.47,54.71,62.78,53.33,63.34,53.39,68.46,52.46,63.6,57.93,64.04,57.43,69.03,63.02,73.79
"서울특별시",강남구,66.75,53.64,66.19,54.8,65.32,56.08,69.35,60.37,69.44,58.86,70.59,54.89,68.02,52.32,66.23,54.43,67.92,53.26,67.65,58.19,65.05,59.97,66.22,59.96,70.27,64.32,75.87
"서울특별시",송파구,42.63,33.36,43.8,32.83,44.81,31.9,46.9,37.44,46.88,39.96,48.05,39.76,47.27,37.63,46.89,38.43,47.67,39.03,49.19,42.75,48.93,42.87,49.3,42.08,51.32,44.48,55.06
"서울특별시",강동구,29.62,24.28,30.09,24.89,28.93,21.95,30.35,25.56,30.37,25.43,32.35,26.66,31.55,26.31,41.12,22.24,33.63,31.04,34.81,30.12,32.95,30.23,32.21,29.2,34.9,30.36,39.12
"부산광역시",소계,46.91,41.41,48.57,42.73,51.43,45.13,53.16,45.96,53.66,46.9,49.82,46.06,54.78,49.16,56.69,50.01,58.73,52.35,60.13,52.87,60.09,50.91,56.85,50.99,57.45,51.36,56.61
"부산광역시",중구,26.43,21.03,25.19,22.63,28.17,22.05,26.35,23.67,26.38,23.39,25.99,23.37,26.31,23.65,31.57,22.2,31.06,21.39,30.41,22.81,27.63,21.68,27.46,22.67,28.94,23.62,30
"부산광역시",서구,21.31,10.95,20.93,12.41,19.23,12.43,16.61,13.62,18.62,12.4,16.61,11.32,17.54,12.17,16.32,11.72,18.17,11.61,16.73,11.41,15.69,10.31,14.51,9.89,13.96,10.37,13.64
"부산광역시",동구,18.23,17.15,19.52,14.75,19.03,16.56,19.31,17.27,18.62,16.3,18.24,15.73,18.58,15.82,18.93,15.64,18.85,15.26,16.6,15.28,16.16,14.82,17.15,14.62,18.09,15.32,19.78
"부산광역시",영도구,15.89,9.21,15.58,9.49,14.42,9.25,14.78,10.72,14.41,10.18,13.68,9.35,14.27,9.08,13.97,9.52,14.55,9.73,13.49,9.86,12.48,9.67,11.43,9.9,13.46,10.95,14.42
"부산광역시",부산진구,20.59,17.17,22.36,17.7,22.6,19.04,22.7,21.33,23.5,20.61,21.49,19.93,22.86,19.77,22.88,19.98,27.38,20.33,27.23,22.83,24.11,21.26,24.17,21.94,26.11,23.85,30.83
"부산광역시",동래구,21.19,16.4,23.1,18.07,23.64,19.2,26.16,22.28,25.63,21.38,24.64,21.25,25.05,20.11,22.72,20.74,22.77,20.66,23.44,21.11,23.81,21.38,22.73,19.99,23.36,20.34,25.89
"부산광역시",남구,23.59,16.82,25.65,17.07,26.32,18.43,28.41,19.59,28.6,20.74,26.64,19.7,27.95,19.65,31.02,22.83,34.35,24.83,31.38,23.32,29.93,23.19,26.14,22.65,24.32,22.06,26.89
"부산광역시",북구,11.75,9.42,12.28,9.88,13.23,10.69,14.39,11.09,14.08,11.18,13.54,11.9,14.59,12.53,15.59,13.25,16.63,14.03,17.02,14.17,16.82,13.89,15.49,13.76,15.03,13.57,15.93
"부산광역시",해운대구,26.8,24.5,27.42,24.88,28.66,26.22,32.1,29.55,32.09,27.34,30.33,28.93,31.56,30,29.12,27.41,31.37,28.26,32.01,28.61,31.08,27.36,31.33,27.42,32.81,28.93,34.13
"부산광역시",사하구,16.75,14.58,17.99,15.07,20.01,17.68,18.85,16.43,18.12,16.38,18.9,16.82,20.24,18.13,18.88,16.71,22.26,18.56,21.67,18.59,19.73,17.87,19.22,18.34,21.66,19.9,21.99
"부산광역시",금정구,22.54,14.47,19.87,15.63,23.24,15.93,23.67,17.07,24.66,15.77,23.18,15.99,23.03,16.52,22.78,17.58,24.72,19.29,24.09,19.39,23.97,19.76,23.51,19.87,26.34,22.02,26.63
"부산광역시",강서구,41.66,39.09,45.31,39.58,44.29,41.59,44.11,42.73,45.39,41.51,45.02,43.4,46.73,44.98,49.75,47.68,50.37,48.12,53.89,49.81,49.62,45.56,50.3,44.59,51.97,46.93,47.75
"부산광역시",연제구,18.72,15.79,21.98,17.5,21.92,17.19,25.55,18.75,24.11,17.7,23.57,18.98,21.32,16.94,23.45,19.22,25.12,20.51,24.65,20.4,22.51,18.78,22.36,18.78,23.94,19.49,32.33
"부산광역시",수영구,27.1,15.93,22.72,16.33,24.59,17.58,26.61,20.01,23.94,19.2,22.54,18.83,26.19,18.41,22.91,18.4,24.69,19.48,25.46,18.61,25.63,18.59,23.67,19.48,26.6,19.68,26.13
"부산광역시",사상구,19.52,15.39,20.3,15.97,21.08,17.97,23.19,19.15,22.64,18.72,21.68,18.65,23.1,19.89,23.22,18.97,24.22,20.35,24.55,20.81,24.55,20.71,24.83,21.65,24.62,21.31,25.82
"부산광역시",기장군,32.09,27.38,32.22,28.06,34.73,27.76,38.6,26.57,32.7,27.46,31.94,28.52,36.53,30.63,39.6,32.07,38.22,33.29,37.74,32.72,36.73,31.46,35.26,29.98,36.45,31.53,37.39
"대구광역시",소계,43.34,38.55,46.74,41.91,47.62,44.34,52.28,47.38,51.08,47.89,48.9,44.65,50.5,45.45,51.6,45.88,54.23,47.57,56.64,49.91,57.1,50.59,53.07,46.87,51.73,46.15,51.77
"대구광역시",중구,33.97,21.22,28.08,25.84,32.93,25.33,29.56,28.63,27.62,26.64,27.2,26.12,27.21,25.21,31.05,25.64,31.3,25.76,32,26.75,31.08,26.48,31.7,25.37,31.8,26.3,34.73
"대구광역시",동구,16.94,13.66,17.21,14.38,17.43,15.97,18.19,17.32,19,17.29,18.75,17.14,19.58,17.87,19.46,16.89,19.87,17.03,21.04,17.91,19.08,16.86,17.79,16.57,18.19,16.84,20.12
"대구광역시",서구,18.13,11.71,18.09,12.52,20.8,13.13,17.17,13.91,14.86,12.46,15.31,13.12,15.93,13.68,18.14,13.09,17.97,13.73,17.24,13.72,18.57,14.9,16.94,13.71,18.35,15.04,19.93
"대구광역시",남구,13.65,10.1,17.06,10.08,16.86,11.08,16.65,10.63,12.31,11.08,12.24,10.91,15.01,11.01,15.37,9.5,16.83,9.48,17.49,9.39,14.44,9.36,14.8,9.86,15.7,10.73,17.4
"대구광역시",북구,18.97,14.96,20.34,15.96,20.07,16.71,20.42,17.7,20.14,17.82,20.39,17.42,21.49,17.95,20.71,17.39,22.29,17.93,22.73,19.94,21.57,19.79,20.45,19.06,20.49,19.06,23.64
"대구광역시",수성구,25.8,22.23,27.08,24.11,29.77,24.12,30.55,28.6,29.76,27.69,29.99,26.06,29.57,25.51,30.93,28.1,28.99,25.78,29.11,25.81,28.29,25.33,26.33,24.74,28.02,26.67,29.4
"대구광역시",달서구,19.24,17.28,20.21,18.12,20.45,18.29,22.32,21.09,21.84,20.55,22.97,21.71,23.72,22.36,24.98,22.61,25.67,23.11,26.47,23.66,26.21,24.38,24.84,23.23,26.33,24.33,29.68
"대구광역시",달성군,31.61,22.84,35.85,26.95,31.89,29.99,29.79,29.27,29.73,29.06,36.24,28.36,37.19,27.92,39.12,27.56,41.18,28.09,40.6,25.86,42.71,26.79,36.26,26.64,35.79,24.87,36.6
"대구광역시",군위군,19.47,8.02,12.22,9.72,10.04,8.66,,,,,,,,,,,,,,,,,,,,,
"인천광역시",소계,54.29,47.3,55.62,49.17,54.9,49.6,59.63,52.43,57.66,52.77,56.08,50.33,59.79,54.02,64.64,57.65,66.96,60.34,65.41,60.53,66.98,62.51,64.45,59.15,66.87,62.56,67.28
"인천광역시",중구,41.63,36.24,46.25,42.07,43.18,38.05,44.21,39.47,43.84,38.94,48.27,43.99,47.3,45.2,50.2,41.97,53.2,42.01,51.62,46.49,50.91,43.19,53.71,46.49,53.53,45.57,54.33
"인천광역시",동구,34.29,12.49,28.92,12.77,27.06,13.1,19.16,12.97,18.01,11.5,22.72,10.64,19.94,11.45,34.4,9.03,33.5,10.36,24.18,13.38,22.5,13.72,30.08,12.36,25.32,14.82,26.1
"인천광역시",남구,,,,,,,,,,,,,,,,,,,21.48,17.8,19.94,17.23,22.62,17.82,22.25,19.41,25.6
"인천광역시",연수구,34.8,28.94,35.24,29.9,34.07,29.84,36.3,30.95,36.68,30.28,37.28,31.54,41.47,33.14,46.77,31.9,45.54,32.88,44.47,33.14,41.53,35.2,39.17,34.07,40.26,32.9,42.26
"인천광역시",남동구,20.29,16.48,22.67,16.78,22.27,17.22,24.53,19.57,24.6,20.36,25.8,21.98,28.53,21.58,31.05,22.77,33.35,24.48,33.73,26.11,33.07,27.3,33.93,28.35,35.33,29.37,39.58
"인천광역시",부평구,18.73,14.76,19.14,15.65,20.32,16.36,21.45,16.92,20.25,16.63,21.7,17.13,22.82,17.42,23.13,18.23,22.66,18.95,22.94,19.69,23.3,20.18,22.5,19.09,24.03,20.81,27
"인천광역시",계양구,16.11,14.46,19.46,14.58,19.97,15.39,21.5,16.62,19.63,16.01,19.36,15.57,19.44,15.17,24.04,16.78,23.12,18.27,22.95,19.64,23.58,19.87,22.43,18.96,21.54,19.51,23.94
"인천광역시",서구,26.82,25.69,28.63,27.53,30.75,28.36,34.2,31.96,33.18,30.99,33.68,31.3,34.65,31.88,40.02,33.21,40.39,33.37,40.62,36.7,40.64,36.58,40.02,36.67,40.39,36.82,43.85
"인천광역시",미추홀구,14.7,12.26,15.43,13.23,17.6,14.34,18.19,14.21,17.91,13.69,17.58,14.41,18.52,14.87,20.51,15.75,21.86,16.55,,,,,,,,,
"인천광역시",강화군,15.34,11.27,15.13,11.96,13.46,11.92,13.95,12.35,14.23,12.51,16.01,14.19,16.67,14.48,19.18,12.62,17.32,11.02,16.21,11.61,15.3,11.67,14.85,11.12,13.56,10.99,12.93
"인천광역시",옹진군,15.81,11.99,15.49,10.05,13.37,9.64,11,8.69,11.31,8.37,11.88,9.04,11.81,8.98,12.71,7.84,16.86,9.16,17.74,9.79,19.23,8.95,20.2,8.91,20.23,8.7,14.31
"광주광역시",소계,40.74,38.19,41.99,39.75,42.74,40.72,46.19,42.32,46.04,41.14,44.49,40.85,45.31,41.07,46.84,40.79,48.99,43.76,49.23,44.76,51.55,46.68,49.27,44.21,45.98,41.92,45.39
"광주광역시",동구,18.11,13.98,15.74,14.16,19.16,16.3,17.26,15.55,15.09,14.15,15.27,14.38,14.65,13.83,20.02,11.73,14.3,13.63,15.61,14.04,14.69,13.36,14.31,12.94,17.36,14.92,16.77
"광주광역시",서구,21.64,18.38,21.25,19.63,22.19,18.59,20.94,17.03,20.12,15.74,19.52,17.54,21.68,19,22.52,20.13,25.04,20.43,24.75,21.88,23.55,20.65,24.02,20.98,24.07,20.58,24.51
"광주광역시",남구,13.45,12.06,12.87,12.77,15.68,14.7,14.36,13.98,12.01,11.91,14.09,12.71,12.46,11.38,13.13,11.9,13.65,12.31,14.6,12.77,13.49,12.61,12.92,12.17,18.6,18.1,14.35
"광주광역시",북구,13.93,12.83,13.54,12.51,14.07,13.3,15.92,13.35,15.48,13.39,14.81,13.6,18.27,13.88,16.51,13.77,16.92,13.74,14.55,14.14,14.07,13.65,14.13,13.69,15.93,15.4,16.84
"광주광역시",광산구,20.04,18.02,22.23,18.54,21.69,18.81,22.84,20.59,21.99,19.65,22.02,19.24,22.61,20.51,22.37,20,21.87,19.63,22.46,20.34,21.44,19.98,21.43,19.86,21.6,19.83,22.25
"대전광역시",소계,47.38,42.63,45.09,41.06,45.32,41.66,46.41,42.32,46.84,42.4,45.05,39.85,45.95,41.43,48.16,43.85,54.41,47.05,57.09,50.88,54.99,50.33,54.86,49.34,54.93,49.45,57.49
"대전광역시",동구,12.28,9.44,12.6,9.88,12.34,10.24,11.82,11.05,11.29,10.48,11.49,10.6,11.92,10.96,11.49,10.8,13.52,11.47,15.29,12.23,14.14,12.54,13.67,12.82,14.48,13.11,15.8
"대전광역시",중구,15.58,11.39,16.46,12.02,16.46,12.6,15.26,12.63,14.77,12.63,13.47,11.13,15.34,13,14.47,12.43,15.77,13.64,19.1,14.94,18.21,15.3,17.71,16.11,18.02,16.34,19.82
"대전광역시",서구,18.08,15.66,19.29,16.28,17.98,15.86,19.57,16.84,19.01,16.14,19.18,17.82,20.49,17.62,21.16,17.64,22.41,18.84,26.23,19.96,24.02,20.06,20.33,20.33,21.03,21.03,23.9
"대전광역시",유성구,28.49,24.72,30.69,25.73,30.2,25.82,30.52,28.69,29.52,27.52,27.78,25.99,29.77,27.24,31.4,27.61,33.41,29.26,38.53,30.92,36.32,31.03,33.2,30.01,34.09,30.44,37.18
"대전광역시",대덕구,16.6,13.23,17.06,13.51,17.8,14.16,18.39,14.42,17.37,13.43,18.21,13.82,19.59,14.83,20.42,14.97,21.73,16.06,21.6,16.76,20.8,17.66,18.68,17.22,18.6,17.12,21.02
"울산광역시",소계,50.03,44.34,52.87,46.07,51.67,46.25,56.64,49.81,54.7,48.74,54.38,49.57,56.23,51.56,59.73,53.67,65.99,59.92,69.9,60.23,72.25,62.33,71.96,63.55,70.22,61.44,70.7
"울산광역시",중구,17.79,14.42,19.3,14.59,19.5,14.05,19.3,16.94,19.24,17,19.15,16.32,20.1,16.63,19.51,15.64,22.09,17.98,21.39,16.9,20.68,15.91,19.44,15.03,17.78,14.76,21.16
"울산광역시",남구,30.9,25.82,32.14,25.92,32.82,26.35,34.05,26.54,33.89,28.6,33.23,27.62,35.38,28.38,37.49,31.87,37.49,31.16,39.44,32.36,38.86,33.29,36.76,33.04,41.64,34.52,47.68
"울산광역시",동구,17.27,16.36,22.1,16.25,20.87,15.68,22.93,19.15,22.44,18.61,21.78,18.77,23.24,18.57,22.33,18.62,24.87,20.67,27.91,23.06,30.94,25.49,31.15,25.15,31.48,25.36,34.32
"울산광역시",북구,26.3,23.34,26.63,24.31,26.98,23.92,27.31,24.52,26.64,24.57,28.09,26.14,29.7,26.67,32.2,28.75,32.11,28.86,32.7,31.38,33.59,28.85,34.89,29.69,35.7,30.12,37.76
"울산광역시",울주군,37.39,30.86,43.06,31.75,43.75,32.53,46.23,32.48,44.28,34.3,45.34,31.98,45.11,37.74,45.97,38.75,44.8,39.86,49.69,34.35,44.76,34.61,50.37,45.11,47.16,39.91,45.68
"세종특별자치시",소계,63.13,51.56,62.65,54.3,63.77,57.53,69.74,57.19,65.84,56.9,64.02,58.76,64.83,59.31,72.72,62.12,69.21,57.09,70.48,57.98,58.97,44.19,54.77,43.96,50.59,47.59,38.79
"경기도",소계,60.44,54.39,62.81,55.72,62.71,55.09,65.69,60.5,66.33,61.57,63.73,57.29,64.82,58.62,68.35,60.54,69.94,61.94,70.07,61.33,67.42,61.61,66.59,60.72,67.75,61.2,71.61
"경기도",수원시,47.23,41.62,50.4,42.86,50.74,39.84,52.35,45.98,48.47,44.19,48.06,44.83,51.4,45.94,55.98,48.09,55.73,49.31,58.79,51.87,60.94,51.43,59.57,51.84,58.85,50.8,60.24
"경기도",성남시,63.15,52.96,61.97,53.69,63.51,57.21,63.35,59.59,62.22,62.22,61.64,58.54,63.87,60.49,64.58,58.08,63.53,59.15,63.57,58.65,61.91,56.78,61.87,56.18,64.27,57.81,65.21
"경기도",의정부시,23.35,20.9,24.45,22.11,24.14,23.23,27.97,22.6,27.56,21.08,29.81,22.88,27.19,24.96,30.02,26.59,30.73,28.35,34.77,30.65,34.05,30.02,30.38,28.21,33.61,29.78,33.27
"경기도",안양시,39.16,35.25,42,35.85,48.14,35.1,46.91,39.62,46.49,38.9,46.25,37.37,45.84,37.81,47.92,39.39,49.19,40.73,52.56,45.15,54.38,43.76,53.17,45.15,52.74,46.55,55.3
"경기도",부천시,32.67,28.59,31.48,28.12,31.85,28.47,34.82,31.11,33.99,31.23,35.51,32.45,39.44,30.95,39.89,34.45,40.37,37.1,42.38,38.62,47.55,38.15,41,38.87,45.35,41.58,45.95
"경기도",광명시,45.34,33.85,42.78,35.86,44.48,34.75,42.03,35.96,39.71,33.9,39.7,33.57,39.47,34.04,42.47,34.96,44.72,35.67,47.17,40,46.87,38.31,45.64,37.19,48.03,37.8,49.55
"경기도",평택시,43.97,42.05,44.58,41.62,46.86,43.55,47.13,45.83,44.52,41.56,44.33,41.13,45.6,41.49,48.9,45.87,49.05,45.57,46.09,42.11,46.17,41.05,44.54,39.25,44.63,40.08,45.09
"경기도",동두천시,18.94,12.74,20.28,12.57,20.49,14.05,15.55,13.94,15.82,13.1,17.53,14.39,22.07,14.4,29.96,12.7,29.28,14.17,31.66,13.48,21.86,14.67,18.48,15.63,20.78,17.29,19.57
"경기도",안산시,35.36,33.33,36.26,34.24,38.34,34.61,39.3,37.18,39.78,36.75,46.37,36.92,50.69,37.84,55.85,40.15,57.78,39.52,72.22,44.58,48.07,42.91,47.87,44.25,47.56,43.74,55.94
"경기도",고양시,37.04,32.44,37.12,32.27,37.46,33.68,37.59,32.65,39.18,32.81,38.43,34.7,38.28,33.77,45.59,38.74,48.88,42.1,53.81,46.07,50.19,45.41,48.81,44.55,53.84,47.76,54.74
"경기도",과천시,62.76,45.05,62.59,41.64,63.1,41.71,53.07,45.34,63.98,38.2,70.68,28.67,52.6,40.81,54.93,43.08,48.29,39.49,58.09,43.45,48.19,40.44,48.71,44.11,47.31,44.93,48.02
"경기도",구리시,33.11,26.74,31.87,27.14,36.38,31.51,36.56,28.39,35.57,27.98,38.75,33.94,34.96,31.12,35.57,31.41,38.93,34.47,38.69,34.81,40.02,32.12,42.33,32.22,43.71,39.34,43.02
"경기도",남양주시,30.03,27.19,29.95,28.01,31.74,28.98,32.47,30.63,31.15,29.77,32.68,29.59,31.72,30.07,34.74,32.77,34.17,31.97,39.77,35.41,40.35,35.63,38.65,36.05,36.72,34.36,40.83
"경기도",오산시,38.18,28.69,43.86,34.85,36.99,31.4,35.74,33.9,31.81,31.47,38.21,28.27,41.37,30.37,42.97,29.63,46.17,33.08,48.85,37.66,45.59,32.99,42.55,34.43,48.1,36.91,45.85
"경기도",시흥시,38.3,38.3,42.19,34.07,38.53,38.5,41.26,39.98,40.89,37.66,45.7,40.24,47.49,43.11,48.17,43.41,50.54,43.74,55.17,54.61,55.63,49.47,54.74,49.65,51.31,46.9,53.96
"경기도",군포시,34.39,28.2,34.12,28.59,35.88,29.65,35.19,32.7,33.91,31.47,37.18,32.41,38.52,32.04,43.82,34.08,45.25,36.33,47.03,37.52,46.22,38.78,45.7,38.73,45.68,38.82,48.55
"경기도",의왕시,43.07,37.14,44.9,37.8,40.68,35.51,40.31,35.69,39.09,36.3,40.94,32.5,41.19,36.21,47,37.27,51.48,40.49,51.21,41.48,46.03,39.55,45.65,36.55,47.06,42.68,47.71
"경기도",하남시,45.73,44.65,48.83,43.21,48.74,47.75,52.48,51.5,48.76,47.65,48.62,47.26,46.62,45.72,56.15,43.54,53.56,44.14,52.67,45.59,53.79,45.53,49.47,40.33,53.07,41.62,52.3
"경기도",용인시,52.11,46.73,53.87,47.87,55.82,49.73,58.78,47.91,55.59,48.66,54.81,48.68,57.33,50.19,60.81,53.01,62.07,55.47,63.42,58.1,61.92,54.78,60.75,54.82,61.44,57.54,63.79
"경기도",파주시,33.55,26.07,35.32,28.51,35.97,29.71,42.47,30.04,38.3,28.93,40.28,32.09,41.73,33.48,46.39,31.54,43.61,34.86,42.5,38.34,43.59,39.39,43.97,39.64,45.18,40.63,46.26
"경기도",이천시,56.79,55.13,51.3,45.42,52.15,34.56,60.97,43.87,54.76,44.58,50.98,38.52,47.92,43.88,56.81,55.62,52.87,51.39,51,43.83,51.08,47.45,47.35,43.76,42.69,38.71,40.57
"경기도",안성시,31.22,29.66,34.36,28.53,32.21,29.91,32.72,29.64,34.4,27.29,28.39,28.38,27.61,27.61,33.94,32.5,33.99,31.97,36.78,34.21,37.5,34.43,37.31,33.61,40.84,36.3,38.53
"경기도",김포시,38.54,34.53,38.21,33.41,36.7,33.78,41.43,37.16,39.88,32.84,42.8,34,42.03,35.44,46.17,37.66,46.08,40.37,51.92,44.79,49.96,44.88,52.62,43.62,50.73,45.01,53.52
"경기도",화성시,57.06,51.65,58.46,52.02,57.89,50.19,61.08,61.08,58.62,58.62,58.45,58.45,66.26,66.26,68.86,68.86,64.21,60.15,67.34,64.34,64.25,61.53,61.47,59.05,61.34,56.81,58.39
"경기도",광주시,34.42,31.12,41.59,31.68,39.3,36.1,39.4,36.65,42.22,35.97,40.65,39.57,40.98,39.87,48.73,40.98,48.45,43.59,53.44,51.61,51.56,49.44,52.19,48.63,60.16,58.53,55.4
"경기도",양주시,26.43,24.3,27.96,26.49,26.86,26.2,29.47,26.71,27.51,24.57,28.56,25.54,30.13,26.84,32.48,28.75,35.3,32.97,38.09,33.15,38.94,33.81,34.47,30.68,33.74,30.88,31.81
"경기도",포천시,35.41,19.2,31.91,19.6,25.89,22.77,26.95,24.63,24.92,22.62,24.19,24.19,22.15,22.15,26.81,26.81,27.28,27.28,31.79,31.79,29.77,26.32,28.24,24.69,27.37,24.23,29.48
"경기도",여주시,27.51,20.21,30.22,21.11,30.22,20.95,27.84,21.46,24.03,21.01,24.2,23.11,27.97,23.94,28.73,23.68,34.59,28.86,36.65,31.06,36.79,30.76,36.59,31.06,37.58,33.1,
"경기도",경기 여주군,,,,,,,,,,,,,,,,,,,,,,,,,,,38.22
"경기도",연천군,14.97,13.06,18.47,15.29,19.83,15.26,24.09,15.05,22.54,14.48,22.52,18.59,21.99,18.33,20.5,16.36,20.95,17.85,23.49,20.12,20.43,20.43,24.55,20.73,23.43,19.16,22.51
"경기도",가평군,21.6,16.81,23.02,17.11,24.47,18.29,20.67,20.51,16.8,16.76,18.52,18.52,18,18,23.62,18.33,25.65,19.71,25.29,18.82,26.2,19.02,25.18,17.99,28.41,18.54,27.55
"경기도",양평군,19.57,16.71,20.68,17.32,21.27,17.46,21.56,20.54,21.8,16.82,22.23,17.72,19.99,18.28,22.1,17.7,24.26,20.01,25.03,22.36,23.33,20.54,22.91,20.22,22.88,20.65,23.8
"강원특별자치도",소계,29.37,24.95,29.03,25.72,28.86,25.22,29.43,25.42,27.56,24.69,28.34,24.52,28.77,25.75,28.55,23.49,28.68,23.51,29.07,24.06,27.15,22.4,25.92,21.45,26.63,22.16,26.62
"강원특별자치도",춘천시,21.15,18.72,19.8,18.9,22.53,18.91,22.62,20.12,20.05,19.28,20.12,19.09,22.2,21.28,26.95,22.29,30.09,23.69,28.65,25.44,27.65,24.25,25.98,22.39,27.55,22.57,27.9
"강원특별자치도",원주시,19.78,18.14,19.61,18.1,19.41,18.03,20.44,18.97,20.41,18.89,22.88,18.83,21.58,19.79,25.53,23.42,25.57,23.25,27.66,24.92,29.69,23.3,27.29,23.03,27.58,23.62,26.69
"강원특별자치도",강릉시,18.99,16.7,19.46,17.08,19.07,16.7,19.28,15.12,17.65,15.13,18.2,15.46,19.37,17.78,20.92,17.36,22.43,18.16,23.65,18.72,19.68,17.07,20.28,17.44,19.99,17.39,21.27
"강원특별자치도",동해시,21.22,15.21,22.06,17.48,17.77,17.77,15.63,15.63,16.58,16.58,18.53,17.29,19.22,16.72,20.09,18.59,21.19,19.59,20.91,20.2,19.86,19.49,19.53,19.53,19.53,19.53,17.53
"강원특별자치도",태백시,28.05,14.44,22.76,15.08,20.53,13.97,23.08,13.06,14.24,12.98,22.55,17.22,23.74,18.53,22.66,17.51,29.64,21.66,29.89,21.6,30.63,22.3,26.29,18.29,29.91,22.95,31.32
"강원특별자치도",속초시,20,17.76,19.37,17.77,19.15,18.35,18.27,17.49,20.92,20.08,23.37,19.65,19.92,17.34,23.2,18.04,22.59,18.42,23.68,17.88,25.19,18.08,20.02,17.14,21.03,19.26,19.67
"강원특별자치도",삼척시,13.56,13.56,13.01,13.01,13.56,13.56,13.48,13.48,13.25,13.15,12.18,12.18,13.46,13.46,17.39,14.02,18.39,15.12,17.66,15.33,20.47,15.83,18.01,14.99,21.4,17.27,17.08
"강원특별자치도",홍천군,16.57,11.54,12.2,12.2,19.32,12.08,21.19,11.74,13.28,11.44,13.88,11.89,14.01,12.14,16.7,12.6,17.77,13.23,18.81,13.64,19.4,14.16,16.33,12.12,16.1,11.72,15.92
"강원특별자치도",횡성군,16.73,11.09,15.65,11.97,13.85,11.87,13.92,10.87,14.8,11.36,15.73,11.67,15.15,11.39,18.24,9.43,16.38,9.98,16.16,11.02,18.51,10.99,19.49,11.43,18.95,10.57,18.63
"강원특별자치도",영월군,20.23,14,19.53,13.14,20.04,13.48,17.55,11.52,13.52,11.6,19.77,13.29,16.61,15.19,21.44,15.06,19.95,14.64,20.17,15.49,21.6,16.21,20.77,14.74,21.36,14.66,12.71
"강원특별자치도",평창군,12.99,11.71,14,12.62,13.13,11.74,12.8,11.48,12.45,11.04,12.71,11.19,13.09,11.47,14.52,12.08,14.82,12.63,14.03,11.84,12.78,11.59,12.27,11.02,13.24,11.64,14.3
"강원특별자치도",정선군,21.37,16.29,19.23,14.47,17.25,15.42,16.14,12.34,15.48,13.22,22.16,16.24,23.22,21.51,27.29,22.35,29.59,23.66,31.7,25.55,31.21,25.81,28.68,23.47,21.99,18.89,22.89
"강원특별자치도",철원군,14.52,9.64,13.88,10.98,15.05,12.1,12.91,9.93,11.68,8.59,10.39,7.24,12.01,8.53,11.96,8.33,12.14,8.13,12.78,8.83,13.06,8.64,12.12,8.17,10.01,7.29,10.67
"강원특별자치도",화천군,26.3,8.26,22.55,8.18,17.19,7.56,16.81,7.02,15.36,6.84,13.89,6.96,12.16,8.79,14.02,7.44,11.31,7.49,13.66,8.22,17.25,8,12.06,8.32,12.03,7.05,11.76
"강원특별자치도",양구군,16.65,8.57,16,8.63,13.6,8.54,16.63,9.63,13.85,9.54,18.9,9.41,15.44,8.12,14.13,6.76,14.15,7.09,17.5,7.52,17.24,7.83,17.03,8.15,15.31,8.1,15.16
"강원특별자치도",인제군,13.41,8.62,12.32,8.52,10.84,8.84,8.14,8.14,11.09,8.03,15.74,8.95,8.99,8.99,15.28,7.35,13.89,7.77,12.03,9.06,10.7,7.82,11.49,7.69,12.19,7.36,11.12
"강원특별자치도",고성군,12.98,10.03,12.79,10.19,11.19,10.15,9.84,8.32,9.43,7.79,10.9,8.11,10.64,8.62,14.33,9.41,14.82,8.86,14.85,9.14,13.71,9.18,13.4,7.78,10.91,8,11.78
"강원특별자치도",양양군,12.57,10.04,16.31,13.72,13.62,10.06,13.15,11.07,14.74,12.72,19.48,14.94,16.26,14.14,13.58,11.73,13.79,12.31,14.86,12.8,11.58,9.77,10.03,8.43,12.53,10.73,12.17
"충청북도",소계,36.3,31.88,36.85,31.83,34.28,30.43,36.23,32.1,34.72,30.24,32.88,28.33,34.79,30.07,35.95,28.74,37.37,29.61,38.14,30.05,35.21,28.76,34.79,28.14,33.59,26.56,34.23
"충청북도",충북 청주시,,,,,,,,,,,,,,,,,,,,,,,,,35.97,32.22,36.39
"충청북도",충주시,21.7,16.44,22.17,17.32,17.76,17.72,19.56,18.17,19.35,17.44,19.91,17.3,18.21,18.16,20.7,18.2,19.66,18.16,22.91,19.43,19.41,18.6,19.88,19.02,18.78,17.37,18.8
"충청북도",제천시,18.61,14.21,19.35,14.05,15.6,14.49,17.31,13.92,16.25,12.88,17.26,13.2,17.61,15.33,18.82,15.01,20.95,15.8,22.46,16.81,20.44,15.38,18.45,14.12,18.74,14.3,20.81
"충청북도",청주시,35.36,32.71,32.34,29.08,32.08,27.56,32.28,30.52,31.34,27.9,31.72,27.96,32.61,29.55,37.26,31.86,39.43,33.39,40.45,33.16,35.76,29.99,34.03,27.13,,,
"충청북도",충북 청원군,,,,,,,,,,,,,,,,,,,,,,,,,32.62,24.9,32.16
"충청북도",보은군,13.04,10.22,16.31,9.87,14.62,10.32,13.13,10.4,11.54,9.95,14.43,9.65,13.76,9.53,7.74,7.73,9.97,8.08,9.97,7.82,10.2,7.89,11.68,7.41,11.64,7.2,12.32
"충청북도",옥천군,12.46,10.17,14.37,11.16,15.52,11.26,15.43,10.68,16.23,10.67,16.3,10.5,16.8,11.37,17.47,9.78,17.65,9.97,18.6,10.41,18.08,9.87,15.32,9.97,15.13,9.43,15.71
"충청북도",영동군,12.97,9.97,15.73,11.8,18.11,9.66,15.26,8.24,14.56,7.58,11.66,8,16.13,8.11,16.66,6.75,15.62,6.82,15.95,7.53,17.86,9.43,17.4,7.34,14.37,6.28,13.66
"충청북도",진천군,30.03,26.74,32.1,28.64,29.67,27.88,28.12,26.43,28.72,26.1,27.14,25.42,29.36,27,27.83,25.03,29.62,26.87,30.38,26.87,30.8,26.94,29.02,25.66,32.73,28.38,28.7
"충청북도",괴산군,13.19,10.7,12.79,10.65,10.93,9.17,9.44,9.28,9.65,7.52,15.17,7.37,9.86,8.61,12.86,7.35,14,8.14,14.15,7.96,14.12,7.75,12.99,7.1,13.52,7.48,14.15
"충청북도",음성군,25.97,21.66,26.61,22.11,26.15,23.93,25.28,22.96,25.09,21.51,23.79,22.14,28.71,25.19,31.06,23.01,32.64,23.76,32.89,23.32,27.49,21.95,26.28,20.17,28.65,21.94,27.78
"충청북도",단양군,17.55,10.99,18.77,12.29,19.93,13.5,16.41,11.38,19.26,12.69,12.8,7.94,20.69,11.62,21.75,10.14,19.59,9.45,17.86,10.54,21.54,10.65,20.27,9.58,17.96,10.5,18.1
"충청북도",증평군,19.91,16.43,21.43,15.88,24.66,16.17,26.64,15.73,17.28,13.91,17.68,14.09,19.4,15.59,17.63,13.52,17.53,13.32,19.78,15.14,18.11,14.76,17.17,11.19,15.32,9.47,16.75
"충청남도",소계,37.13,33.42,36.8,32.22,37.59,32.35,37.9,33.62,37,33.05,36.89,32.33,38.27,34.38,37.84,33.04,38.87,34.45,39.29,34.34,38.69,33.53,35.25,30.4,35.6,30.19,35.97
"충청남도",천안시,37.78,33.28,37.95,33.65,39.08,33.41,37.42,31.16,37.35,31.83,37.41,33.93,44.02,37.01,47.59,38.04,46.33,40.08,46.09,42.96,44.07,41.13,42.71,40.52,44.13,41.16,46.57
"충청남도",공주시,15.57,12.83,17.46,12.87,15.43,12.15,18.09,13.24,17.52,12.32,18.45,12.74,18.79,12.53,18.66,13.87,16.12,15.38,18.4,14.23,19.88,14.8,18.65,14.48,17.72,13.99,17.51
"충청남도",보령시,14.24,13.25,14.8,13.56,15.38,13.73,16.38,14.48,14.26,13.68,16.83,11.88,14.23,13.59,20.37,14.72,21.43,15.2,21.26,15.69,20.89,13.76,19.9,12.28,20.33,12.07,19.68
"충청남도",아산시,41.21,33.3,39.69,32.37,37.84,31.57,42.03,34.9,42.54,37.09,38.55,37.48,38.8,37.73,40.86,35.76,48.62,43.14,47.11,42.56,45.53,42.12,39.85,36.1,47.31,40.29,48.55
"충청남도",서산시,22.36,19.06,22.63,18.63,23.84,20.69,28.36,23.51,30.56,22.56,30.81,20.08,30.46,24.65,39.46,28.16,36.61,30.26,35.41,28.45,31.82,22.44,28.5,20.32,26.88,20.58,27.85
"충청남도",논산시,15.04,10.81,16.73,10.65,18.99,10.94,14.67,12.14,14.92,12.33,16.25,11.59,12.59,11.4,13.2,11.02,12.85,11.23,16.89,11.94,16.45,11.53,16.68,11.44,15.36,11.6,16.12
"충청남도",계룡시,23.01,14.78,25.93,14.46,20.75,16.27,21.18,18.67,17,15.97,18.06,18.06,19.37,18.09,22.13,14.8,25.75,16.66,21.89,18.07,24.81,15.3,23.42,16.32,20.47,13.11,22.08
"충청남도",당진시,30.06,25.48,25.28,21.62,24.08,21.33,26.6,22.72,31.3,26.2,26.79,23.96,28.87,25.89,32.26,28.26,33.52,28.92,37.57,31.27,34.76,28.49,32.92,27.75,31.55,27.32,30.6
"충청남도",금산군,19.26,10.99,15.29,9.27,15.41,10.97,15.23,11.2,16.42,10.88,18.72,11.68,21.48,12.56,18.17,12.91,18.81,13.79,19.83,14.35,19.43,13.87,18.1,12.59,16.5,11.75,17.98
"충청남도",부여군,9.68,9.68,15.49,10.01,15.73,9.98,12.98,9.35,10.92,9.36,13.25,8.49,14.24,9.11,14.33,9.25,13.48,9.52,12.74,8.82,11.09,8.88,10.94,8.98,10.71,9.24,11.27
"충청남도",서천군,13.91,9.84,13.22,8.92,12.12,8.93,11.49,9.75,11.13,9.66,12.01,9.7,13.9,10.06,13.09,9,12.43,9.18,12.58,9.05,12.73,9.04,12.48,8.74,11.3,8.66,12.22
"충청남도",청양군,15.06,8.93,21.55,9.32,18.62,9.26,17.91,9.42,17.58,9.71,19.18,9.4,15.82,10.17,15.92,9.18,18.05,11.51,16.72,9.46,16.18,10.11,15.18,9.03,14.33,9.04,13.02
"충청남도",홍성군,15.88,12.45,18.46,13.74,20.56,12.77,18.49,14.12,20.68,15.28,20.28,14.71,19.78,14.76,19.3,13.46,20.32,14.05,20.89,14.09,20.32,13.22,19.81,12.38,18.64,12.46,18.06
"충청남도",예산군,13.93,12.95,13.73,13.69,12.41,12.41,12.12,12.11,13.17,10.63,14.41,11.72,14.91,12.73,13.82,11.59,14.28,12.06,19.5,12.91,15.26,12.31,19.06,11.63,13.18,10.59,13.75
"충청남도",태안군,15.92,12.46,16.17,12.46,15.87,14.22,16.34,12.08,14.45,10.84,17.45,12.46,18.64,13,19.71,13.93,20.44,13.88,19.58,15.58,19.74,15.05,18.58,13.92,17.95,13.37,18.49
"전북특별자치도",소계,26.65,23.32,27.07,23.64,27.35,23.51,27.88,23.81,28.15,23.76,27.69,23.08,30.14,24.86,26.55,20.42,27.92,21.52,28.6,22.28,29.66,23.6,27.57,22.14,27.04,22.82,25.66
"전북특별자치도",전주시,23.19,22.6,21.97,21.96,23.03,21.73,25.78,23.95,26.47,24.52,28.01,26.34,29.04,26.93,30.95,28.86,30.71,29.19,31.68,29.77,32.18,30.44,30.38,28.54,30.94,28.87,32.3
"전북특별자치도",군산시,21.96,16.41,22.14,17.32,19.51,16.11,17.37,15.86,17.53,16.33,17.71,16.42,18.99,18.74,21.6,20.24,25.2,23.59,24.7,22.84,26.62,24.47,26.17,22.38,27.93,23.13,27.15
"전북특별자치도",익산시,15.08,14.08,14.39,14.15,14.97,14.73,16.57,15.27,18.11,15.67,16.94,15.43,18.46,16.78,18.69,16.71,18.78,16.74,20.89,17.75,20.87,17.23,20.79,17.86,20.46,17.59,20.66
"전북특별자치도",정읍시,12.85,9.57,14.62,9.94,13.58,9.69,14.66,9.57,11.7,9.42,12.49,9.88,16.63,9.49,14.55,8.46,12.62,9.22,12.15,9.37,14.29,10.08,13.44,9.25,13.62,8.28,12.13
"전북특별자치도",남원시,9.97,8.8,10.17,8.98,11.32,8.68,12.67,8.56,12.21,8.83,12.28,8.49,11.3,9.06,11.37,7.74,11.67,8.58,11.32,9.31,11.88,9.62,10.87,9.06,9.16,8.28,8.58
"전북특별자치도",김제시,12.07,9.22,12.11,9.77,12.51,10.02,13.92,10.13,14.15,10.08,17.1,11.33,12.92,9.66,13.13,8.97,14.3,11.29,15.42,9.83,13.68,10.25,11.42,8.61,11.2,8.47,12.75
"전북특별자치도",완주군,20.38,16.71,17.65,16.12,20.02,17.67,20.45,16.35,21.98,16.42,18.38,15.84,22.75,18.06,22.5,20.28,24.03,21.16,28,23.34,31.08,24.22,29.63,22.82,34.28,29.45,25.77
"전북특별자치도",진안군,11.01,7.04,10.44,6.68,15.96,6.69,10.21,6.96,9.95,6.42,13.31,6.82,13,7.07,11.03,5.01,14.02,5.95,13.26,5.5,15.19,6.23,16,5.75,13.61,5.64,13.64
"전북특별자치도",무주군,9.62,8.4,9.36,8.65,10.72,8.14,10.34,7.17,13.39,7.86,17.66,7.43,19.88,8.46,17.97,7,20.2,7.52,18.05,7.65,17.88,7.89,17,8.19,15.73,7.66,14.08
"전북특별자치도",장수군,10.26,6.65,12.05,7.57,10.77,7.97,12.59,7.04,13.25,7.01,16.14,6.96,16.17,7.73,15.84,5.1,14.37,5.73,15.73,6.08,16.73,6.25,13.33,5.92,10.2,5.06,9.17
"전북특별자치도",임실군,10.56,8.18,9.24,8.69,8.59,8.07,11.02,7.68,10.68,8.31,15.04,8.83,14.28,8.47,12.93,5.7,13.02,5.15,15.79,7.06,15.62,6.17,13.07,5.61,12.25,5.55,12.57
"전북특별자치도",순창군,12.74,7.37,15.03,8.26,15.46,8.14,13.32,8.13,13.2,7.68,16.3,7.68,13.27,8.66,15.18,6.51,14.82,6.31,16.32,7.21,13.12,7.46,11.85,7.22,11.23,6.57,8.57
"전북특별자치도",고창군,11.62,8.28,13.23,9.54,15.08,9.39,11.67,7.89,12.59,8.52,11.87,7.75,12.78,7.53,13.8,7.44,14.33,7.6,14.88,8.14,15.42,8.8,14.28,8.75,13.69,8.06,12.39
"전북특별자치도",부안군,14.04,8.91,17.39,9.61,16.46,8.23,13.55,8.8,12.67,7.87,13.16,7.84,17.43,9.17,14.1,6.46,15.8,6.3,15.12,6.95,16.25,7.36,13.81,7.92,10.08,6.09,10.07
"전라남도",소계,30.03,26.77,27.13,23.66,26.86,24.4,28.67,23.86,28.34,24.24,27.01,22.21,28.11,23.25,25.69,19.07,26.42,19.81,26.23,20.01,23.76,19.27,22.83,17.82,22.16,17.38,21.68
"전라남도",목포시,16.49,16.4,20.55,17.37,20.44,16.37,21.9,18.7,19.2,17.34,21.9,19.96,20.24,19.17,21.58,18.68,24.01,20.67,23.71,20.96,23.49,20.67,22.76,20.26,23.2,21.11,22.18
"전라남도",여수시,29.24,23.68,28.73,23.78,30.75,25.87,31.74,26.87,33.74,29.35,34.02,27.63,37.78,27.02,36.85,33.81,36.64,31.18,36.13,30.1,30.76,25.73,29.36,23.4,31,26.37,31.86
"전라남도",순천시,22.32,18.32,22.48,19.48,21.84,19.61,20.84,19.69,19.46,17.77,19.79,17.95,24.97,19.17,25.03,18.92,27.59,21.13,26.75,19.49,26.19,19.53,24.26,19.01,23.14,18.29,21.76
"전라남도",나주시,16.5,16.22,16.21,16.21,16.83,16.79,18.07,15.24,16.93,16.81,18.15,18.08,18.74,18.74,22.57,18.44,23.69,20.61,24.17,21.53,17.49,16.08,16.66,13.33,18.52,13.6,18.23
"전라남도",광양시,28.99,21.35,28.23,20.9,30.27,22.93,31.63,22.59,36.04,25.35,33.09,23.22,33.27,24.34,31.57,24.59,38.47,26.53,35.54,31.25,35.45,31.2,36.28,31.83,34.53,30.69,35.32
"전라남도",담양군,13.25,11.74,14.12,11.3,13.63,11.97,14.21,11.06,14.19,10.73,16.81,10.64,13.39,12.3,17.85,12.32,17.67,12.02,17.52,11.47,16.64,10.52,17.56,10.39,16.09,9.67,16.98
"전라남도",곡성군,13.01,8.77,13.9,8.89,13.44,9.26,14.01,8.67,14.29,8.29,15.36,8.38,18.03,9.49,17.89,7.09,16.66,7.14,14.04,7.7,12.7,7.78,10.52,7.44,9.21,6.88,8.64
"전라남도",구례군,9.82,6.56,9.01,7.66,9.53,7.83,7.72,7.72,7.06,7.06,9.55,7.21,8.52,7.31,8.75,6.36,8.55,6.34,9.92,7.05,9.91,6.61,9.79,6.7,9.43,6.03,9.5
"전라남도",고흥군,11.55,6.42,11.63,6.36,11.04,7.1,10.83,6.76,10.62,6.33,12.17,6.46,11.79,7.08,12.32,6.16,12.68,6.04,12.82,6.18,12.61,6.09,11.6,5.44,10.93,5.73,10.18
"전라남도",보성군,17.14,6.59,14.12,7.37,9.83,7.61,10.41,8.12,9.37,7.02,12.06,6.44,9.43,6.33,14.47,5.31,13.65,5.81,12.05,6.57,11.09,6.62,9.96,5.73,10.44,5.76,10.2
"전라남도",화순군,14.19,14.19,13.47,13.47,16.5,15.63,19.36,14.37,18.67,13.9,20.36,15.2,21.58,16.59,21.26,18.13,21.13,17.98,21.67,18.39,21.03,18.35,22.67,17.91,23.74,19.17,24.48
"전라남도",장흥군,10.14,7.92,10.43,8.51,9.72,8.04,10.51,7.49,10.11,6.97,10.92,6.66,12.65,8.31,11.33,6.72,12.07,7.34,13.09,7.93,11.56,6.58,9.9,6,9.56,5.7,9.54
"전라남도",강진군,10.42,7.54,10.17,8.47,8.91,7.83,10.79,7.61,7.8,7.8,12.3,8.32,7.8,7.8,11.23,5.88,12.21,6.97,9.32,7.01,10.18,7.68,10.27,7.74,8.13,6.5,7.25
"전라남도",해남군,12.78,7.82,12.88,7.82,13.31,7.81,9.64,7.73,9.57,7.7,16.03,6.88,13.5,7.41,21.67,6.17,15,7.94,11.85,6.48,12.12,6.36,8.88,6.38,8.62,6.03,8.53
"전라남도",영암군,13.26,13.26,15.98,12.08,12.15,12.15,11.12,11.12,10.79,10.79,11.86,11.86,12.98,12.98,12.4,12.4,13.99,13.99,14.78,14.78,13.73,13.73,16.68,13.71,18.93,15.86,20.26
"전라남도",무안군,15.07,15,14.27,14.27,14.08,14.08,15.75,13.17,11.72,11.72,20.25,11.77,24.79,14.72,24.52,11.94,18.24,13.28,16.41,12.7,16.11,11.63,13.53,10.61,13.62,10.46,11.73
"전라남도",함평군,12.6,8.2,12.88,8.54,10.44,7.16,20.32,7.58,9.77,7.58,14.46,8.04,8.79,8.52,9.93,6.78,10.16,6.88,10.35,6.88,12,7.75,9.85,6.2,10.1,6.05,7.9
"전라남도",영광군,13.94,13.54,12.45,11.93,12.15,11.72,12.14,11.72,13.37,12.92,11.44,10.92,13.79,10.45,14.15,10.15,19.55,13.12,17.36,12.81,13.43,10.25,11.77,9.16,11.74,9.32,12.16
"전라남도",장성군,17.55,11.33,21.61,17.63,13.98,10.79,14.31,10.98,14.85,11.23,16.38,10.38,14.6,11.8,17.97,9.4,18.33,8.91,19.22,8.75,21.09,8.75,15.46,8.27,12.72,7.65,12.26
"전라남도",완도군,8.01,6.4,7.21,7.21,7.24,7.24,12.31,6.17,6.49,6.49,11.58,5.99,11.1,6.35,11.37,6.51,12.66,7.15,13.48,7.5,12.64,7.29,12.08,5.92,10.87,5.01,10.78
"전라남도",진도군,14.76,7.6,21.43,8.68,16.57,9.3,14.46,7.81,14.51,8.51,17.3,8.96,23.61,8.07,13.85,7.39,14.11,7.44,12.45,6.48,10,4.84,9.38,4.59,12.86,5.2,11.72
"전라남도",신안군,8.32,6.81,8.17,6.74,8.39,7.87,7.85,6.94,7.54,6.69,7.44,6.41,6.62,6.61,8.55,6.18,10,5.98,8.58,5.78,10.2,5.81,7.41,4.83,7.63,5.11,8.44
"경상북도",소계,29.8,23.54,31.04,24.35,29.82,24.56,29.71,25.34,30.04,25.58,29.78,24.93,32.11,27.13,31.92,24.94,33.31,26.15,32.66,26.21,33.31,26.1,30.01,24.26,29.12,22.71,28.01
"경상북도",포항시,24.36,19.99,26,20.99,24.55,23.24,26.06,25.39,29.46,27,21.9,19.59,28.31,24.56,31.89,28.1,34.88,30.66,37.1,30.87,35.22,32.67,36.07,33.66,35.13,33.07,39.16
"경상북도",경주시,23.37,19.01,23.83,19.07,22.83,19,21.22,17.77,21.79,19.83,23.87,19.29,23.91,19.58,28.4,22.15,29.9,24.68,27.92,22.74,25.59,20.76,25.42,19.7,26.24,20.96,25.22
"경상북도",김천시,18.38,11.27,19.28,11.22,24.69,11.76,20.46,11.97,24.86,12.47,25.97,12.09,25.48,13.42,27.6,14.77,31.25,13.32,29.5,14.23,25.84,14.13,24.07,12.34,23.14,11.83,18.96
"경상북도",안동시,16.91,10.03,17.42,9.84,14.66,10.69,13.93,11.25,14.37,11.33,13.6,11.07,12.74,10.6,14.08,11.15,14.26,11.23,15.71,12.63,15.14,12.37,13.81,10.94,13.76,10.8,13.71
"경상북도",구미시,31.65,26.09,34.1,26.21,31.91,27.17,30.57,27.57,32.7,28.4,34.02,29.11,41.34,37.93,44.24,40.51,47.63,43.52,47.57,43.73,44.25,40.94,41.07,37.56,41.34,37.71,42.01
"경상북도",영주시,18.73,9.98,20.62,10.25,20.2,10.42,16.97,11.49,18.22,12.77,17.38,11.89,18.72,11.55,17.88,10.6,17.43,11.27,17.57,11.25,23.09,13.98,20.47,14.53,18.23,12.01,18.51
"경상북도",영천시,15.84,11.95,15.35,12.3,14.88,12.74,15.06,12.83,15.89,13.46,17.01,14.2,18.52,15.45,18.84,14.17,17.87,14.84,17.4,15.57,17.51,14.88,18.84,14.23,18.97,12.3,19.85
"경상북도",상주시,12.47,8.69,13.9,8.37,16.86,8.24,14.84,8.57,15.09,8.2,15.01,8.08,15.14,8.45,15.26,8.45,13.83,9.09,13.86,8.86,13.97,8.66,13.45,8.39,13.56,8.05,13.08
"경상북도",문경시,21.32,11.02,25.74,10.08,19.09,12.57,12.98,8.41,14.92,9.53,16.97,10.69,16.24,11.33,20.64,11.94,21.97,12.35,18.27,13.13,19.88,13.83,20.16,13.73,19.5,12.97,19.79
"경상북도",경산시,23.79,19.24,24.54,19.78,27.36,20.59,24.93,21.86,25.78,22.44,28.29,23.33,29.39,24.64,31.91,25,33.83,27.37,30.8,25.11,30.75,25.51,27.5,23.43,26.5,22.61,27.54
"경상북도",군위군,,,,,,,10.42,7.39,9.74,6.5,12.41,7.36,13.63,7.43,12.59,5.17,13.29,5.65,10.61,5.56,11.28,5.7,11.72,5.86,11.02,5.66,9.15
"경상북도",의성군,17.02,7.56,15.98,8.5,14.12,9.35,9.26,9.26,13.97,8.24,15.91,8.45,11.48,8.91,15.95,7.54,14.71,7.18,14.78,6.95,13.17,7.16,14.79,7.39,12.8,6.05,10.44
"경상북도",청송군,15.41,7.16,13.3,7.91,10.84,7.45,13.92,6.93,10.73,6.77,13.2,6.9,10.93,7.82,10.35,5.74,11.3,6.31,10.68,5.98,11.9,6.05,11.57,6.68,9.91,4.89,9.07
"경상북도",영양군,17.22,6.32,15.44,6.08,15.24,6.82,13.82,6.31,12.51,6.02,13.09,5.78,10.46,6.11,11.81,4.02,11.67,4.07,13.63,4.22,13.56,4.1,10.8,4.51,9.25,3.85,7.73
"경상북도",영덕군,13.9,8.12,15.93,7.72,12.67,7.81,11.31,7.57,10.99,8.63,11.02,8,11.16,8.79,13.42,7.59,11.44,7.32,13.14,8.42,13.51,8.82,13.13,8.8,13.55,7.78,12.28
"경상북도",청도군,26.37,7.6,14.72,9.3,17.11,9.6,21.77,8.23,24.73,8.91,23.31,8.5,18.42,10.3,15.27,8.44,16.33,8.92,16.08,8.57,15.7,9.02,12.46,7.68,11.24,6.49,11.61
"경상북도",고령군,20.63,11.19,18.07,11.42,19.18,10.76,19.46,10.69,19.58,10.7,17.58,11.9,18.61,11.7,20.68,12.91,21.47,13.14,21.05,13.12,16.77,10.93,13.71,9.4,13.05,8.23,14.74
"경상북도",성주군,16.43,11.57,17.19,11.57,19.23,11.41,18.13,11.64,16.12,12.12,20.08,11.42,18.57,12.2,15.91,9.75,15.76,10.72,15.34,10.42,15.28,10.15,15.64,10.32,14.38,8.8,14.98
"경상북도",칠곡군,27.77,18.75,31.04,17.68,29.78,19.54,27.04,19.97,24.83,20.65,26.39,22.48,26.23,22.99,27.53,23.95,29.38,24.45,28.88,23.87,27.03,21.92,23.18,20.59,22.17,19.32,21.94
"경상북도",예천군,14.33,9.65,15.35,9.53,14.93,9.16,16.2,9.49,12.05,9.29,12.05,9.88,13.56,10.18,13.05,9.17,12.73,8.84,11.54,7.99,10.86,7.49,11.25,6.49,10.71,5.88,10.14
"경상북도",봉화군,11.51,7.42,10.89,7.28,7.47,6.85,8.32,6.24,9.94,6.52,6.74,6.74,7.48,6.18,8.97,5.06,10.32,5.72,11.15,6.01,9.64,6,9.73,5.94,10.06,5.19,10.47
"경상북도",울진군,20.74,12.27,24.52,12.25,20.45,11.7,15.37,10.89,14.88,10.63,14.64,11.16,16.47,10.69,16.54,9.84,18.58,11.88,17.41,11.39,15.95,10.21,15.79,10.21,15.88,9.21,14.97
"경상북도",울릉군,21.55,12.63,17.93,14.23,23.14,10.23,18.88,11.46,22.9,11.59,14.9,9.21,11.33,8.41,16.13,10.02,16.85,10.53,17.12,10.64,17.34,10.5,17.57,9.63,15.67,10.1,14.93
"경상남도",소계,35.78,31.05,39.2,34.3,39.18,33.63,38.81,33.67,37.5,32.78,38.9,33.47,39.98,34.3,40.52,33.43,44.65,37.71,44.96,38.65,43.49,36.61,43.33,37.43,42.38,36.03,41.68
"경상남도",진주시,24.3,18.24,25.02,19.67,27.73,19.7,26.66,19.03,28.36,19.43,31.77,20.02,30.52,20.98,35.17,21.14,34.84,23.29,34.1,23.38,31.75,21.57,30.28,19.78,31.2,19.53,28.44
"경상남도",통영시,16.42,13.6,16.05,13.06,15.42,12.54,15.25,12.34,15.39,12.33,17.01,12.03,16.69,12.57,18.74,13.93,22.24,16.05,23.17,16.7,23.54,16.51,20.96,16.36,21.7,16.33,22.54
"경상남도",사천시,20.39,16.6,19.46,15.48,18.37,14.85,20.22,14.65,20.46,15.09,21.4,15.89,23,16.52,22.6,14.99,23.36,15.41,22.62,15.45,22.48,15.73,20.97,13.97,21.62,14.56,20.36
"경상남도",김해시,26.58,25.16,28.91,27.35,29.56,27.97,31.96,28.24,31.28,29.32,32.87,28.85,35.1,31.73,39.93,34.41,42.65,36.28,41.59,35.19,41.32,35.25,38.97,32.97,39.12,33.77,37.36
"경상남도",밀양시,17.99,12.87,19.82,12.99,18.69,13.02,20.8,14.79,15.4,13,19.74,16.02,17.13,13.68,18.42,14.36,19.81,15.31,19.5,15.7,19.01,14.94,19.12,14.34,22.16,13.55,20.03
"경상남도",거제시,23.53,16.74,23.58,16.51,25.27,16.86,24.98,16.45,21.19,17,26.24,21.22,31.38,19.6,32.43,26.99,34.52,27.91,37.87,32.4,41.53,34.26,41.52,34.02,44.31,35.88,45.22
"경상남도",양산시,33.14,24.06,32.19,28.21,30.17,25.09,30.92,25.16,30.39,25.72,32.41,27.1,35.84,29.86,39.27,33.55,43.56,35.93,42.23,36.89,40.46,31.96,40.28,35.62,42.26,38.7,44.14
"경상남도",창원시,32.93,31.19,32.95,31.42,33.25,30.6,33.35,31.17,34.36,32.31,37.49,34.5,37.07,34.79,39.06,36.7,42.37,39.79,43.67,40.98,42.62,39.75,41.64,40.01,42.59,39.84,42.78
"경상남도",의령군,15.98,8.3,19.86,8.42,18.02,8.04,15.22,7.72,18,7.96,16.23,8.55,15.91,7.73,16,7.49,17.44,7.59,17.17,7.79,16.9,9.63,15.92,8.5,16.38,7.41,15.37
"경상남도",함안군,26.79,17.34,26.68,16.12,26.34,14.57,27.46,15.13,25.33,15.22,25.62,16.16,26.79,16.8,25.42,15.96,25.41,18.2,27.3,19.45,25.65,18.65,24.79,18.08,25.47,17.47,24.24
"경상남도",창녕군,22.64,12.51,23.5,13.07,19.79,13.44,19.58,13.08,18.79,11.9,19.82,11.97,19.68,12.47,18.44,10.49,19.86,11,19.42,11.12,15.29,10.69,14.04,9.33,13.73,8.95,15.45
"경상남도",고성군,16.89,10.17,16.16,10.3,17.66,10.3,15.91,9.36,11.94,8.42,14.87,10.21,16.55,11.31,17.82,11.34,17.3,10.65,15.97,10.04,16.98,9.74,14.65,10.24,13.83,9.57,14.52
"경상남도",남해군,17.03,8.61,17.62,10.04,16.91,9.25,14.08,8.93,14,8.95,16.61,7.07,18.12,8.77,17.78,6.11,16.19,7.52,15.02,7.49,15.64,8,15.29,8.35,14.23,6.95,13.53
"경상남도",하동군,16.45,8.8,16.1,9.79,19.19,8.94,14.31,10.37,18.5,13.03,14.75,10.8,12.77,7.96,12.68,7.14,17.38,7.65,14.96,7.74,14.41,7.87,13.2,7.24,13.78,7.63,13.06
"경상남도",산청군,11.25,6.4,21.44,10.48,20.96,9.31,19.29,8.16,16.87,7.82,17.15,9.35,15.17,8.94,14.97,7.37,15.32,8.67,13.17,8.78,12.92,9.64,12.78,9.48,12.82,9.24,11.5
"경상남도",함양군,19.2,10.26,19.62,10.39,22.58,10.18,18.52,9.86,19.64,9.84,20.06,9.62,20.01,10.04,17.07,5.51,18.65,5.78,16.95,6.62,14.51,7.24,14.32,7.53,13.06,6.34,10.72
"경상남도",거창군,20.35,9.63,22.87,8.97,22.37,7.94,15.16,8.51,18.49,8.12,21.82,7.77,19.37,8.88,24.57,8.07,17.92,7.68,19.44,7.72,16.49,7.6,14.11,7.94,11.68,7.11,11.33
"경상남도",합천군,9.28,6.82,11.58,8.06,9.66,8.1,9.68,8.11,9.02,7.98,11.64,8.13,9.63,8.81,12.69,7.08,13.58,7.57,14.95,7.47,13.34,7.75,13.39,7.71,11.07,6.22,12.13
"제주특별자치도",소계,35.35,31.07,39.51,33.07,38.45,34.01,36.86,33.32,37.06,32.72,38.72,32.66,40.1,32.89,36.51,33.01,42.51,34.52,39.56,33.68,38.19,31.52,36.41,30.28,34.04,30.14,30.59
